Workbook

Sheet 8A
A1: N° | B1: NOMBRES Y APELLIDOS | C1: DOC. IDENTIDAD | D1: GRUPO | E1: DIRECTOR DE GRUPO | F1: JORNADA | G1: PERIODO | H1: AÑO | I1: IHS | J1: COG | K1: PROC | L1: ACT | M1: DEFIN | N1: DESEMP. | O1: IHS | P1: COG | Q1: PROC | R1: ACT | S1: DEFIN | T1: DESEMP. | U1: IHS | V1: COG | W1: PROC | X1: ACT | Y1: DEFIN | Z1: DESEMP. | AA1: IHS | AB1: COG | AC1: PROC | AD1: ACT | AE1: DEFIN | AF1: DESEMP. | AG1: IHS | AH1: COG | AI1: PROC | AJ1: ACT | AK1: DEFIN | AL1: DESEMP. | AM1: IHS | AN1: COG | AO1: PROC | AP1: ACT | AQ1: DEFIN | AR1: DESEMP. | AS1: IHS | AT1: COG | AU1: PROC | AV1: ACT | AW1: DEFIN | AX1: DESEMP. | AY1: IHS | AZ1: COG | BA1: PROC | BB1: ACT | BC1: DEFIN | BD1: DESEMP. | BE1: IHS | BF1: COG | BG1: PROC | BH1: ACT | BI1: DEFIN | BJ1: DESEMP. | BK1: IHS | BL1: COG | BM1: PROC | BN1: ACT | BO1: DEFIN | BP1: DESEMP. | BQ1: IHS | BR1: COG | BS1: PROC | BT1: ACT | BU1: DEFIN | BV1: DESEMP. | BW1: IHS | BX1: COG | BY1: PROC | BZ1: ACT | CA1: DEFIN | CB1: DESEMP. | CC1: IHS | CD1: COG | CE1: PROC | CF1: ACT | CG1: DEFIN | CH1: DESEMP. | CI1: IHS | CJ1: COG | CK1: PROC | CL1: ACT | CM1: DEFIN | CN1: DESEMP. | CO1: IHS | CP1: COG | CQ1: PROC | CR1: ACT | CS1: DEFIN | CT1: DESEMP. | CU1: IHS | CV1: COG | CW1: PROC | CX1: ACT | CY1: DEFIN | CZ1: DESEMP. | DA1: IHS | DB1: COG | DC1: PROC | DD1: ACT | DE1: DEFIN | DF1: DESEMP. | DG1: IHS | DH1: DEFIN | DI1: DESEMP. | DJ1: PROMEDIO | DK1: L. MAT C | DL1: L MAT P | DM1: L MAT A | DN1: L. ESTAD C | DO1: L. ESTAD P | DP1: L. ESTAD A | DQ1: L LEN C | DR1: L LEN P | DS1: L LEN A | DT1: L LC C | DU1: L LC P | DV1: L LC A | DW1: L. FINGL C | DX1: L. FINGL P | DY1: L. FINGL A | DZ1: L. SPEAK C | EA1: L. SPEAK P | EB1: L. PSEAK A | EC1: L BIO C | ED1: L BIO P | EE1: L BIO A | EF1: L MAM C | EG1: L MAM P | EH1: L MAM A | EI1: L SOC C | EJ1: L SOC P | EK1: L SOC A | EL1: L HIS C | EM1: L HIS P | EN1: L HIS A | EO1: L GEOG C | EP1: L GEOG P | EQ1: L GEOG A | ER1: L CPAZ C | ES1: L CPAZ P | ET1: L CPAZ A | EU1: L. ET C | EV1: L ET P | EW1: L ET A | EX1: L REL C | EY1: L REL P | EZ1: L REL A | FA1: L ART C | FB1: L ART P | FC1: L ART A | FD1: L EF C | FE1: L EF P | FF1: L EF A | FG1: L INF C | FH1: L INF P | FI1: L INF A | FJ1: L CONV
A2: 1 | B2: ACOSTA ROCHA DANIEL ANTONIO | C2: 1044644667 | D2: 8°A | E2: Yenis María Duncan Ramirez | F2: Mañana | G2: PRIMERO | H2: 2026 | I2: 4 | J2: 2.8 | K2: 3 | L2: 3.2 | M2: =((J2*0.3)+(K2*0.4)+(L2*0.3)) -> 3 | N2: =IF(M2<3,"BAJO",IF(M2<4,"BASICO",IF(M2<4.5,"ALTO",IF(M2<=5,"SUPERIOR")))) -> BASICO | O2: 1 | P2: 2.8 | Q2: 2.8 | R2: 2.8 | S2: =((P2*0.3)+(Q2*0.4)+(R2*0.3)) -> 2.8 | T2: =IF(S2<3,"BAJO",IF(S2<4,"BASICO",IF(S2<4.5,"ALTO",IF(S2<=5,"SUPERIOR")))) -> BAJO | U2: 4 | V2: 4 | W2: 4 | X2: 4 | Y2: =((V2*0.3)+(W2*0.4)+(X2*0.3)) -> 4 | Z2: =IF(Y2<3,"BAJO",IF(Y2<4,"BASICO",IF(Y2<4.5,"ALTO",IF(Y2<=5,"SUPERIOR")))) -> ALTO | AA2: 1 | AB2: 3 | AC2: 3 | AD2: 3 | AE2: =((AB2*0.3)+(AC2*0.4)+(AD2*0.3)) -> 3 | AF2: =IF(AE2<3,"BAJO",IF(AE2<4,"BASICO",IF(AE2<4.5,"ALTO",IF(AE2<=5,"SUPERIOR")))) -> BASICO | AG2: 2 | AH2: 3.5 | AI2: 3 | AJ2: 3 | AK2: =((AH2*0.3)+(AI2*0.4)+(AJ2*0.3)) -> 3.15 | AL2: =IF(AK2<3,"BAJO",IF(AK2<4,"BASICO",IF(AK2<4.5,"ALTO",IF(AK2<=5,"SUPERIOR")))) -> BASICO | AM2: 1 | AN2: 3.5 | AO2: 3 | AP2: 3 | AQ2: =((AN2*0.3)+(AO2*0.4)+(AP2*0.3)) -> 3.15 | AR2: =IF(AQ2<3,"BAJO",IF(AQ2<4,"BASICO",IF(AQ2<4.5,"ALTO",IF(AQ2<=5,"SUPERIOR")))) -> BASICO | AS2: 4 | AT2: 3 | AU2: 3 | AV2: 3 | AW2: =((AT2*0.3)+(AU2*0.4)+(AV2*0.3)) -> 3 | AX2: =IF(AW2<3,"BAJO",IF(AW2<4,"BASICO",IF(AW2<4.5,"ALTO",IF(AW47<=5,"SUPERIOR")))) -> BASICO | AY2: 1 | AZ2: 3.8 | BA2: 4 | BB2: 4 | BC2: =((AZ2*0.3)+(BA2*0.4)+(BB2*0.3)) -> 3.94 | BD2: =IF(BC2<3,"BAJO",IF(BC2<4,"BASICO",IF(BC2<4.5,"ALTO",IF(BC2<=5,"SUPERIOR")))) -> BASICO | BE2: 2 | BF2: 3.4 | BG2: 3.2 | BH2: 3.2 | BI2: =((BF2*0.3)+(BG2*0.4)+(BH2*0.3)) -> 3.26 | BJ2: =IF(BI2<3,"BAJO",IF(BI2<4,"BASICO",IF(BI2<4.5,"ALTO",IF(BI2<=5,"SUPERIOR")))) -> BASICO | BK2: 1 | BL2: 3.4 | BM2: 3.2 | BN2: 3.4 | BO2: =((BL2*0.3)+(BM2*0.4)+(BN2*0.3)) -> 3.32 | BP2: =IF(BO2<3,"BAJO",IF(BO2<4,"BASICO",IF(BO2<4.5,"ALTO",IF(BO2<=5,"SUPERIOR")))) -> BASICO | BQ2: 1 | BR2: 3.4 | BS2: 3.4 | BT2: 3.2 | BU2: =((BR2*0.3)+(BS2*0.4)+(BT2*0.3)) -> 3.34 | BV2: =IF(BU2<3,"BAJO",IF(BU2<4,"BASICO",IF(BU2<4.5,"ALTO",IF(BU2<=5,"SUPERIOR")))) -> BASICO | BW2: 1 | BX2: 2.5 | BY2: 2.5 | BZ2: 2.5 | CA2: =((BX2*0.3)+(BY2*0.4)+(BZ2*0.3)) -> 2.5 | CB2: =IF(CA2<3,"BAJO",IF(CA2<4,"BASICO",IF(CA2<4.5,"ALTO",IF(CA2<=5,"SUPERIOR")))) -> BAJO | CC2: 1 | CD2: 3.7 | CE2: 3.5 | CF2: 3.5 | CG2: =((CD2*0.3)+(CE2*0.4)+(CF2*0.3)) -> 3.56 | CH2: =IF(CG2<3,"BAJO",IF(CG2<4,"BASICO",IF(CG2<4.5,"ALTO",IF(CG2<=5,"SUPERIOR")))) -> BASICO | CI2: 1 | CJ2: 4.4 | CK2: 4.4 | CL2: 4.4 | CM2: =((CJ2*0.3)+(CK2*0.4)+(CL2*0.3)) -> 4.4 | CN2: =IF(CM2<3,"BAJO",IF(CM2<4,"BASICO",IF(CM2<4.5,"ALTO",IF(CM2<=5,"SUPERIOR")))) -> ALTO | CO2: 1 | CP2: 5 | CQ2: 5 | CR2: 5 | CS2: =((CP2*0.3)+(CQ2*0.4)+(CR2*0.3)) -> 5 | CT2: =IF(CS2<3,"BAJO",IF(CS2<4,"BASICO",IF(CS2<4.5,"ALTO",IF(CS2<=5,"SUPERIOR")))) -> SUPERIOR | CU2: 2 | CV2: 2 | CW2: 2 | CX2: 2 | CY2: =((CV2*0.3)+(CW2*0.4)+(CX2*0.3)) -> 2 | CZ2: =IF(CY2<3,"BAJO",IF(CY2<4,"BASICO",IF(CY2<4.5,"ALTO",IF(CY2<=5,"SUPERIOR")))) -> BAJO | DA2: 2 | DB2: 2 | DC2: 2 | DD2: 3.5 | DE2: =((DB2*0.3)+(DC2*0.4)+(DD2*0.3)) -> 2.45 | DF2: =IF(DE2<2.95,"BAJO",IF(DE2<3.95,"BASICO",IF(DE2<4.45,"ALTO",IF(DE2<=5,"SUPERIOR")))) -> BAJO | DG2: 0 | DI2: =IF(DH2<3,"BAJO",IF(DH2<4,"BASICO",IF(DH2<4.5,"ALTO",IF(DH2<=5,"SUPERIOR")))) -> BAJO | DJ2: =AVERAGE(M2,Y2,AE2,AK2,AW2,BC2,BI2,BO2,CA2,DE2,DH2,CY2,CS2,CM2,CG2,AQ2,S2) -> 3.283125 | DK2: =DESEMPEÑOS!B2 -> Comprende el concepto de números reales, su relación de orden y las propiedades de sus operaciones, así como las relaciones de semejanza y congruencia de distintas figuras geométricas. | DL2: =DESEMPEÑOS!C2 -> Aplica correctamente las propiedades de las operaciones de números reales y expresiones algebraicas en la resolución de problemas. | DM2: =DESEMPEÑOS!D2 -> Valora el uso del pensamiento lógico a la hora de plantear y resolver problemas de las matemáticas y de la vida cotidiana. | DN2: =DESEMPEÑOS!B3 -> Reconoce y clasifica variables aleatorias, comprendiendo sus tipos y características; además, interpreta la información presentada en tablas de frecuencias y diagramas estadísticos, explicando su significado en contextos diversos. | DO2: =DESEMPEÑOS!C3 -> Organiza y analiza datos mediante la construcción de tablas de frecuencias y diagramas estadísticos, identificando variables aleatorias y utilizando estas representaciones para resolver situaciones problema. | DP2: =DESEMPEÑOS!D3 -> Muestra disposición y responsabilidad en el manejo y análisis de datos, participando activamente en actividades individuales y colaborativas, y comunicando información estadística con claridad y sentido crítico. | DQ2: =DESEMPEÑOS!B4 -> Analiza las características de la literatura prehispánica y la literatura del descubrimiento y la conquista en Colombia identificando sus elementos fundamentales y su impacto en la cultura y el lenguaje actual. | DR2: =DESEMPEÑOS!C4 -> Realiza comprensión lectora cuando analiza un texto desde el discurso de la Enunciación e identifica la función de cada uno de sus componentes. Responde preguntas en los tres niveles de lectura a una leyenda del Caribe. | DS2: =DESEMPEÑOS!D4 -> Muestra disposición para participar activamente en las clases, promoviendo el respeto por las ideas ajenas y reconociendo la importancia de la precisión como una herramienta clave para una comunicación | DT2: =DESEMPEÑOS!B5 -> Comprende el contenido del cuento A la deriva, identificando su tema central, la secuencia de los hechos, los personajes y las ideas explícitas e implícitas del texto. | DU2: =DESEMPEÑOS!C5 -> Analiza críticamente el cuento A la deriva mediante la identificación de información literal, inferencial y crítica, sustentando sus respuestas de forma oral y escrita. | DV2: =DESEMPEÑOS!D5 -> Valora la lectura literaria como una oportunidad para reflexionar sobre la vida, la naturaleza y la condición humana, participando con interés, respeto y sentido crítico en las actividades propuestas. | DW2: =DESEMPEÑOS!B6 -> Comprende y reconoce vocabulario y estructuras basicas del ingles para interpretar textos cortos y conversaciones sobre temas cotidianos de la vida diaria. | DX2: =DESEMPEÑOS!C6 -> Produce de forma oral y escrita frases y parrafos cortos en Ingles, utilizando correctamente las estructuras conocidas para describir rutinas, narrar experiencias y participar en conversaciones. | DY2: =DESEMPEÑOS!D6 -> Muestra disposicion positiva hacia el aprendizaje del Ingles participando activamente en clase. | DZ2: =DESEMPEÑOS!B7 -> Identifica vocabulario en Ingles de situaciones cotidianas. | EA2: =DESEMPEÑOS!C7 -> Participa en actividades utilizando vocabulario aprendido para expresar gustos,emociones y necesidades. | EB2: =DESEMPEÑOS!D7 -> Respeta la opinion de los demas, muestra disposicion para participar en actividades orales. | EC2: =DESEMPEÑOS!B8 -> Identifica la conformación y funcionamiento del sistema inmunolófico y diferencia las característics de los estados de la materia. | ED2: =DESEMPEÑOS!C8 -> Reconoce experimentalmente las características de materiales en los diferentes estados de la materia. | EE2: =DESEMPEÑOS!D8 -> Valora la importancia de tener habitos saludables, para lograr el mantenimiento saludable del sistema inmune. | EF2: =DESEMPEÑOS!B9 -> Describe correctamente la secuencia de eventos biologicos de la fecundacion,incluyendo las recciones acrosomicas,la funcion de gametos y la formacion de gametos. | EG2: =DESEMPEÑOS!C9 -> Mide la capacidad del labolatrio para lograr la fecundacion exitosa de los ovulos con el espermatozoide. | EH2: =DESEMPEÑOS!D9 -> Valora la importancia del cuidado del cuerpo y de la salud reproductiva como la base para una fecundacion saludable. | EI2: =DESEMPEÑOS!B10 -> Explico las principales caracteristicas de algunas revoluciones de los siglos XVIII y XIX (Revolucion francesa, Industrial...) | EJ2: =DESEMPEÑOS!C10 -> Analiza las causas y consecuencias de procesos historicos como la Revolucion Industrial y Francesa. | EK2: =DESEMPEÑOS!D10 -> Muestra interes y curiosidad por comprender los procesos historicos y su impacto en la sociedad. | EL2: =DESEMPEÑOS!B11 -> Identifica los procesos historicos de algunas revoluciones de los siglos XVIII y XIX | EM2: =DESEMPEÑOS!C11 -> 0 | EN2: =DESEMPEÑOS!D11 -> 0 | EO2: =DESEMPEÑOS!B12 -> Comprende la distribucion espacial de la poblacion antes y despues de las revoluciones | EP2: =DESEMPEÑOS!C12 -> Ubica en mapas las regiones donde se desarrollaron las principales revoluciones y explica sus caracteristicas geograficas | EQ2: =DESEMPEÑOS!D12 -> Muestra interes por comprender la relacion entre sociedad, economia y territorio | ER2: =DESEMPEÑOS!B13 -> Comprende el concepto de cultura de paz y su importancia en la sociedad | ES2: =DESEMPEÑOS!C13 -> Practica normas de convivencia en diferentes espacios( aula, hogar, comunidad) | ET2: =DESEMPEÑOS!D13 -> Muestra actitud de respeto hacia la diversidad cuktural, social y de pensamiento | EU2: =DESEMPEÑOS!B14 -> 0 | EV2: =DESEMPEÑOS!C14 -> 0 | EW2: =DESEMPEÑOS!D14 -> 0 | EX2: =DESEMPEÑOS!B15 -> 0 | EY2: =DESEMPEÑOS!C15 -> 0 | EZ2: =DESEMPEÑOS!D15 -> 0 | FA2: =DESEMPEÑOS!B16 -> 0 | FB2: =DESEMPEÑOS!C16 -> 0 | FC2: =DESEMPEÑOS!D16 -> 0 | FD2: =DESEMPEÑOS!B17 -> Identifica las expresiones motrices relacionadas con el juego del voleibol, como una oportunidad para mejorar la salud, la estética y las relaciones con los demás. | FE2: =DESEMPEÑOS!C17 -> Pone en práctica los fundamentos básicos del voleibol. | FF2: =DESEMPEÑOS!D17 -> Muestra responsabilidad y buena actitud al realizar el juego de voleibol. | FG2: =DESEMPEÑOS!B18 -> Comprende el concepto de variable como espacio de almacenamiento de datos y reconoce el uso de estructuras condicionales (si, si-no) para la toma de decisiones en un programa. | FH2: =DESEMPEÑOS!C18 -> Diseña y desarrolla programas que utilizan variables y estructuras condicionales para resolver problemas, evaluando condiciones y generando respuestas según diferentes situaciones. | FI2: =DESEMPEÑOS!D18 -> Muestra pensamiento lógico, perseverancia y actitud crítica al analizar errores y proponer soluciones en la construcción de programas con variables y condicionales. | FJ2: =DESEMPEÑOS!B19 -> Identifica y reconoce sus pricipales deberes y derechos dentro y fuera de la Institución educativa.
A3: 2 | B3: ALEMAN MORALES JUAN SEBASTIAN | C3: 1143238454 | D3: 8°A | E3: Yenis María Duncan Ramirez | F3: Mañana | G3: PRIMERO | H3: 2026 | I3: 4 | M3: =((J3*0.3)+(K3*0.4)+(L3*0.3)) -> 0 | N3: =IF(M3<3,"BAJO",IF(M3<4,"BASICO",IF(M3<4.5,"ALTO",IF(M3<=5,"SUPERIOR")))) -> BAJO | O3: 1 | S3: =((P3*0.3)+(Q3*0.4)+(R3*0.3)) -> 0 | T3: =IF(S3<3,"BAJO",IF(S3<4,"BASICO",IF(S3<4.5,"ALTO",IF(S3<=5,"SUPERIOR")))) -> BAJO | U3: 4 | Y3: =((V3*0.3)+(W3*0.4)+(X3*0.3)) -> 0 | Z3: =IF(Y3<3,"BAJO",IF(Y3<4,"BASICO",IF(Y3<4.5,"ALTO",IF(Y3<=5,"SUPERIOR")))) -> BAJO | AA3: 1 | AE3: =((AB3*0.3)+(AC3*0.4)+(AD3*0.3)) -> 0 | AF3: =IF(AE3<3,"BAJO",IF(AE3<4,"BASICO",IF(AE3<4.5,"ALTO",IF(AE3<=5,"SUPERIOR")))) -> BAJO | AG3: 2 | AK3: =((AH3*0.3)+(AI3*0.4)+(AJ3*0.3)) -> 0 | AL3: =IF(AK3<3,"BAJO",IF(AK3<4,"BASICO",IF(AK3<4.5,"ALTO",IF(AK3<=5,"SUPERIOR")))) -> BAJO | AM3: 1 | AQ3: =((AN3*0.3)+(AO3*0.4)+(AP3*0.3)) -> 0 | AR3: =IF(AQ3<3,"BAJO",IF(AQ3<4,"BASICO",IF(AQ3<4.5,"ALTO",IF(AQ3<=5,"SUPERIOR")))) -> BAJO | AS3: 4 | AW3: =((AT3*0.3)+(AU3*0.4)+(AV3*0.3)) -> 0 | AX3: =IF(AW3<3,"BAJO",IF(AW3<4,"BASICO",IF(AW3<4.5,"ALTO",IF(AW48<=5,"SUPERIOR")))) -> BAJO | AY3: 1 | BC3: =((AZ3*0.3)+(BA3*0.4)+(BB3*0.3)) -> 0 | BD3: =IF(BC3<3,"BAJO",IF(BC3<4,"BASICO",IF(BC3<4.5,"ALTO",IF(BC3<=5,"SUPERIOR")))) -> BAJO | BE3: 2 | BI3: =((BF3*0.3)+(BG3*0.4)+(BH3*0.3)) -> 0 | BJ3: =IF(BI3<3,"BAJO",IF(BI3<4,"BASICO",IF(BI3<4.5,"ALTO",IF(BI3<=5,"SUPERIOR")))) -> BAJO | BK3: 1 | BO3: =((BL3*0.3)+(BM3*0.4)+(BN3*0.3)) -> 0 | BP3: =IF(BO3<3,"BAJO",IF(BO3<4,"BASICO",IF(BO3<4.5,"ALTO",IF(BO3<=5,"SUPERIOR")))) -> BAJO | BQ3: 1 | BU3: =((BR3*0.3)+(BS3*0.4)+(BT3*0.3)) -> 0 | BV3: =IF(BU3<3,"BAJO",IF(BU3<4,"BASICO",IF(BU3<4.5,"ALTO",IF(BU3<=5,"SUPERIOR")))) -> BAJO | BW3: 1 | CA3: =((BX3*0.3)+(BY3*0.4)+(BZ3*0.3)) -> 0 | CB3: =IF(CA3<3,"BAJO",IF(CA3<4,"BASICO",IF(CA3<4.5,"ALTO",IF(CA3<=5,"SUPERIOR")))) -> BAJO | CC3: 1 | CG3: =((CD3*0.3)+(CE3*0.4)+(CF3*0.3)) -> 0 | CH3: =IF(CG3<3,"BAJO",IF(CG3<4,"BASICO",IF(CG3<4.5,"ALTO",IF(CG3<=5,"SUPERIOR")))) -> BAJO | CI3: 1 | CM3: =((CJ3*0.3)+(CK3*0.4)+(CL3*0.3)) -> 0 | CN3: =IF(CM3<3,"BAJO",IF(CM3<4,"BASICO",IF(CM3<4.5,"ALTO",IF(CM3<=5,"SUPERIOR")))) -> BAJO | CO3: 1 | CS3: =((CP3*0.3)+(CQ3*0.4)+(CR3*0.3)) -> 0 | CT3: =IF(CS3<3,"BAJO",IF(CS3<4,"BASICO",IF(CS3<4.5,"ALTO",IF(CS3<=5,"SUPERIOR")))) -> BAJO | CU3: 2 | CY3: =((CV3*0.3)+(CW3*0.4)+(CX3*0.3)) -> 0 | CZ3: =IF(CY3<3,"BAJO",IF(CY3<4,"BASICO",IF(CY3<4.5,"ALTO",IF(CY3<=5,"SUPERIOR")))) -> BAJO | DA3: 2 | DE3: =((DB3*0.3)+(DC3*0.4)+(DD3*0.3)) -> 0 | DF3: =IF(DE3<2.95,"BAJO",IF(DE3<3.95,"BASICO",IF(DE3<4.45,"ALTO",IF(DE3<=5,"SUPERIOR")))) -> BAJO | DG3: 0 | DI3: =IF(DH3<3,"BAJO",IF(DH3<4,"BASICO",IF(DH3<4.5,"ALTO",IF(DH3<=5,"SUPERIOR")))) -> BAJO | DJ3: =AVERAGE(M3,Y3,AE3,AK3,AW3,BC3,BI3,BO3,CA3,DE3,DH3,CY3,CS3,CM3,CG3,AQ3,S3) -> 0 | DK3: =$DK$2 -> Comprende el concepto de números reales, su relación de orden y las propiedades de sus operaciones, así como las relaciones de semejanza y congruencia de distintas figuras geométricas. | DL3: =DL2 -> Aplica correctamente las propiedades de las operaciones de números reales y expresiones algebraicas en la resolución de problemas. | DM3: =DM2 -> Valora el uso del pensamiento lógico a la hora de plantear y resolver problemas de las matemáticas y de la vida cotidiana. | DN3: =DN2 -> Reconoce y clasifica variables aleatorias, comprendiendo sus tipos y características; además, interpreta la información presentada en tablas de frecuencias y diagramas estadísticos, explicando su significado en contextos diversos. | DO3: =DO2 -> Organiza y analiza datos mediante la construcción de tablas de frecuencias y diagramas estadísticos, identificando variables aleatorias y utilizando estas representaciones para resolver situaciones problema. | DP3: =DP2 -> Muestra disposición y responsabilidad en el manejo y análisis de datos, participando activamente en actividades individuales y colaborativas, y comunicando información estadística con claridad y sentido crítico. | DQ3: =DQ2 -> Analiza las características de la literatura prehispánica y la literatura del descubrimiento y la conquista en Colombia identificando sus elementos fundamentales y su impacto en la cultura y el lenguaje actual. | DR3: =DR2 -> Realiza comprensión lectora cuando analiza un texto desde el discurso de la Enunciación e identifica la función de cada uno de sus componentes. Responde preguntas en los tres niveles de lectura a una leyenda del Caribe. | DS3: =DS2 -> Muestra disposición para participar activamente en las clases, promoviendo el respeto por las ideas ajenas y reconociendo la importancia de la precisión como una herramienta clave para una comunicación | ... FJ3: =FJ2 -> Identifica y reconoce sus pricipales deberes y derechos dentro y fuera de la Institución educativa.
A4: 3 | B4: ALVAREZ SALAS LUISA ISABELLA | C4: 1052090077 | D4: 8°A | E4: Yenis María Duncan Ramirez | F4: Mañana | G4: PRIMERO | H4: 2026 | I4: 4 | J4: 2.4 | K4: 2.5 | L4: 2.6 | M4: =((J4*0.3)+(K4*0.4)+(L4*0.3)) -> 2.5 | N4: =IF(M4<3,"BAJO",IF(M4<4,"BASICO",IF(M4<4.5,"ALTO",IF(M4<=5,"SUPERIOR")))) -> BAJO | O4: 1 | P4: 3.6 | Q4: 3.6 | R4: 3.6 | S4: =((P4*0.3)+(Q4*0.4)+(R4*0.3)) -> 3.6 | T4: =IF(S4<3,"BAJO",IF(S4<4,"BASICO",IF(S4<4.5,"ALTO",IF(S4<=5,"SUPERIOR")))) -> BASICO | U4: 4 | V4: 3.7 | W4: 3.5 | X4: 3.8 | Y4: =((V4*0.3)+(W4*0.4)+(X4*0.3)) -> 3.65 | Z4: =IF(Y4<3,"BAJO",IF(Y4<4,"BASICO",IF(Y4<4.5,"ALTO",IF(Y4<=5,"SUPERIOR")))) -> BASICO | AA4: 1 | AB4: 4 | AC4: 4 | AD4: 4 | AE4: =((AB4*0.3)+(AC4*0.4)+(AD4*0.3)) -> 4 | AF4: =IF(AE4<3,"BAJO",IF(AE4<4,"BASICO",IF(AE4<4.5,"ALTO",IF(AE4<=5,"SUPERIOR")))) -> ALTO | AG4: 2 | AH4: 2.5 | AI4: 3 | AJ4: 3 | AK4: =((AH4*0.3)+(AI4*0.4)+(AJ4*0.3)) -> 2.85 | AL4: =IF(AK4<3,"BAJO",IF(AK4<4,"BASICO",IF(AK4<4.5,"ALTO",IF(AK4<=5,"SUPERIOR")))) -> BAJO | AM4: 1 | AN4: 2.5 | AO4: 3 | AP4: 3 | AQ4: =((AN4*0.3)+(AO4*0.4)+(AP4*0.3)) -> 2.85 | AR4: =IF(AQ4<3,"BAJO",IF(AQ4<4,"BASICO",IF(AQ4<4.5,"ALTO",IF(AQ4<=5,"SUPERIOR")))) -> BAJO | AS4: 4 | AT4: 2.5 | AU4: 2.5 | AV4: 2.5 | AW4: =((AT4*0.3)+(AU4*0.4)+(AV4*0.3)) -> 2.5 | AX4: =IF(AW4<3,"BAJO",IF(AW4<4,"BASICO",IF(AW4<4.5,"ALTO",IF(AW49<=5,"SUPERIOR")))) -> BAJO | AY4: 1 | AZ4: 4 | BA4: 3.6 | BB4: 3.5 | BC4: =((AZ4*0.3)+(BA4*0.4)+(BB4*0.3)) -> 3.69 | BD4: =IF(BC4<3,"BAJO",IF(BC4<4,"BASICO",IF(BC4<4.5,"ALTO",IF(BC4<=5,"SUPERIOR")))) -> BASICO | BE4: 2 | BF4: 3.4 | BG4: 3.2 | BH4: 3 | BI4: =((BF4*0.3)+(BG4*0.4)+(BH4*0.3)) -> 3.2 | BJ4: =IF(BI4<3,"BAJO",IF(BI4<4,"BASICO",IF(BI4<4.5,"ALTO",IF(BI4<=5,"SUPERIOR")))) -> BASICO | BK4: 1 | BL4: 3.4 | BM4: 3.2 | BN4: 3.2 | BO4: =((BL4*0.3)+(BM4*0.4)+(BN4*0.3)) -> 3.26 | BP4: =IF(BO4<3,"BAJO",IF(BO4<4,"BASICO",IF(BO4<4.5,"ALTO",IF(BO4<=5,"SUPERIOR")))) -> BASICO | BQ4: 1 | BR4: 3.2 | BS4: 3.2 | BT4: 3.2 | BU4: =((BR4*0.3)+(BS4*0.4)+(BT4*0.3)) -> 3.2 | BV4: =IF(BU4<3,"BAJO",IF(BU4<4,"BASICO",IF(BU4<4.5,"ALTO",IF(BU4<=5,"SUPERIOR")))) -> BASICO | BW4: 1 | BX4: 3 | BY4: 3 | BZ4: 3 | CA4: =((BX4*0.3)+(BY4*0.4)+(BZ4*0.3)) -> 3 | CB4: =IF(CA4<3,"BAJO",IF(CA4<4,"BASICO",IF(CA4<4.5,"ALTO",IF(CA4<=5,"SUPERIOR")))) -> BASICO | CC4: 1 | CD4: 3.5 | CE4: 3.7 | CF4: 3.7 | CG4: =((CD4*0.3)+(CE4*0.4)+(CF4*0.3)) -> 3.64 | CH4: =IF(CG4<3,"BAJO",IF(CG4<4,"BASICO",IF(CG4<4.5,"ALTO",IF(CG4<=5,"SUPERIOR")))) -> BASICO | CI4: 1 | CJ4: 4.4 | CK4: 4.2 | CL4: 4.2 | CM4: =((CJ4*0.3)+(CK4*0.4)+(CL4*0.3)) -> 4.26 | CN4: =IF(CM4<3,"BAJO",IF(CM4<4,"BASICO",IF(CM4<4.5,"ALTO",IF(CM4<=5,"SUPERIOR")))) -> ALTO | CO4: 1 | CP4: 3.5 | CQ4: 3.5 | CR4: 3.5 | CS4: =((CP4*0.3)+(CQ4*0.4)+(CR4*0.3)) -> 3.5 | CT4: =IF(CS4<3,"BAJO",IF(CS4<4,"BASICO",IF(CS4<4.5,"ALTO",IF(CS4<=5,"SUPERIOR")))) -> BASICO | CU4: 2 | CV4: 3.5 | CW4: 3.5 | CX4: 3.5 | CY4: =((CV4*0.3)+(CW4*0.4)+(CX4*0.3)) -> 3.5 | CZ4: =IF(CY4<3,"BAJO",IF(CY4<4,"BASICO",IF(CY4<4.5,"ALTO",IF(CY4<=5,"SUPERIOR")))) -> BASICO | DA4: 2 | DB4: 3.5 | DC4: 3.5 | DD4: 3 | DE4: =((DB4*0.3)+(DC4*0.4)+(DD4*0.3)) -> 3.35 | DF4: =IF(DE4<2.95,"BAJO",IF(DE4<3.95,"BASICO",IF(DE4<4.45,"ALTO",IF(DE4<=5,"SUPERIOR")))) -> BASICO | DG4: 0 | DI4: =IF(DH4<3,"BAJO",IF(DH4<4,"BASICO",IF(DH4<4.5,"ALTO",IF(DH4<=5,"SUPERIOR")))) -> BAJO | DJ4: =AVERAGE(M4,Y4,AE4,AK4,AW4,BC4,BI4,BO4,CA4,DE4,DH4,CY4,CS4,CM4,CG4,AQ4,S4) -> 3.334375 | DK4: =$DK$2 -> Comprende el concepto de números reales, su relación de orden y las propiedades de sus operaciones, así como las relaciones de semejanza y congruencia de distintas figuras geométricas. | DL4: =DL3 -> Aplica correctamente las propiedades de las operaciones de números reales y expresiones algebraicas en la resolución de problemas. | DM4: =DM3 -> Valora el uso del pensamiento lógico a la hora de plantear y resolver problemas de las matemáticas y de la vida cotidiana. | DN4: =DN3 -> Reconoce y clasifica variables aleatorias, comprendiendo sus tipos y características; además, interpreta la información presentada en tablas de frecuencias y diagramas estadísticos, explicando su significado en contextos diversos. | DO4: =DO3 -> Organiza y analiza datos mediante la construcción de tablas de frecuencias y diagramas estadísticos, identificando variables aleatorias y utilizando estas representaciones para resolver situaciones problema. | DP4: =DP3 -> Muestra disposición y responsabilidad en el manejo y análisis de datos, participando activamente en actividades individuales y colaborativas, y comunicando información estadística con claridad y sentido crítico. | DQ4: =DQ3 -> Analiza las características de la literatura prehispánica y la literatura del descubrimiento y la conquista en Colombia identificando sus elementos fundamentales y su impacto en la cultura y el lenguaje actual. | DR4: =DR3 -> Realiza comprensión lectora cuando analiza un texto desde el discurso de la Enunciación e identifica la función de cada uno de sus componentes. Responde preguntas en los tres niveles de lectura a una leyenda del Caribe. | DS4: =DS3 -> Muestra disposición para participar activamente en las clases, promoviendo el respeto por las ideas ajenas y reconociendo la importancia de la precisión como una herramienta clave para una comunicación | ... FJ4: =FJ3 -> Identifica y reconoce sus pricipales deberes y derechos dentro y fuera de la Institución educativa.
A5: 4 | B5: CABALLERO MACHADO BREINER JAFETH | C5: 1143144977 | D5: 8°A | E5: Yenis María Duncan Ramirez | F5: Mañana | G5: PRIMERO | H5: 2026 | I5: 4 | J5: 3 | K5: 3.2 | L5: 3.4 | M5: =((J5*0.3)+(K5*0.4)+(L5*0.3)) -> 3.2 | N5: =IF(M5<3,"BAJO",IF(M5<4,"BASICO",IF(M5<4.5,"ALTO",IF(M5<=5,"SUPERIOR")))) -> BASICO | O5: 1 | P5: 4.4 | Q5: 4.4 | R5: 4.4 | S5: =((P5*0.3)+(Q5*0.4)+(R5*0.3)) -> 4.4 | T5: =IF(S5<3,"BAJO",IF(S5<4,"BASICO",IF(S5<4.5,"ALTO",IF(S5<=5,"SUPERIOR")))) -> ALTO | U5: 4 | V5: 4 | W5: 4 | X5: 3 | Y5: =((V5*0.3)+(W5*0.4)+(X5*0.3)) -> 3.7 | Z5: =IF(Y5<3,"BAJO",IF(Y5<4,"BASICO",IF(Y5<4.5,"ALTO",IF(Y5<=5,"SUPERIOR")))) -> BASICO | AA5: 1 | AB5: 3.4 | AC5: 3.4 | AD5: 3.4 | AE5: =((AB5*0.3)+(AC5*0.4)+(AD5*0.3)) -> 3.4 | AF5: =IF(AE5<3,"BAJO",IF(AE5<4,"BASICO",IF(AE5<4.5,"ALTO",IF(AE5<=5,"SUPERIOR")))) -> BASICO | AG5: 2 | AH5: 3.5 | AI5: 3.5 | AJ5: 3.5 | AK5: =((AH5*0.3)+(AI5*0.4)+(AJ5*0.3)) -> 3.5 | AL5: =IF(AK5<3,"BAJO",IF(AK5<4,"BASICO",IF(AK5<4.5,"ALTO",IF(AK5<=5,"SUPERIOR")))) -> BASICO | AM5: 1 | AN5: 3.5 | AO5: 3.5 | AP5: 3.5 | AQ5: =((AN5*0.3)+(AO5*0.4)+(AP5*0.3)) -> 3.5 | AR5: =IF(AQ5<3,"BAJO",IF(AQ5<4,"BASICO",IF(AQ5<4.5,"ALTO",IF(AQ5<=5,"SUPERIOR")))) -> BASICO | AS5: 4 | AT5: 2.5 | AU5: 2.5 | AV5: 2.5 | AW5: =((AT5*0.3)+(AU5*0.4)+(AV5*0.3)) -> 2.5 | AX5: =IF(AW5<3,"BAJO",IF(AW5<4,"BASICO",IF(AW5<4.5,"ALTO",IF(AW50<=5,"SUPERIOR")))) -> BAJO | AY5: 1 | AZ5: 4 | BA5: 4 | BB5: 4 | BC5: =((AZ5*0.3)+(BA5*0.4)+(BB5*0.3)) -> 4 | BD5: =IF(BC5<3,"BAJO",IF(BC5<4,"BASICO",IF(BC5<4.5,"ALTO",IF(BC5<=5,"SUPERIOR")))) -> ALTO | BE5: 2 | BF5: 3.5 | BG5: 3.6 | BH5: 3.7 | BI5: =((BF5*0.3)+(BG5*0.4)+(BH5*0.3)) -> 3.6 | BJ5: =IF(BI5<3,"BAJO",IF(BI5<4,"BASICO",IF(BI5<4.5,"ALTO",IF(BI5<=5,"SUPERIOR")))) -> BASICO | BK5: 1 | BL5: 3.4 | BM5: 3.5 | BN5: 3.6 | BO5: =((BL5*0.3)+(BM5*0.4)+(BN5*0.3)) -> 3.5 | BP5: =IF(BO5<3,"BAJO",IF(BO5<4,"BASICO",IF(BO5<4.5,"ALTO",IF(BO5<=5,"SUPERIOR")))) -> BASICO | BQ5: 1 | BR5: 3.4 | BS5: 3.5 | BT5: 3.6 | BU5: =((BR5*0.3)+(BS5*0.4)+(BT5*0.3)) -> 3.5 | BV5: =IF(BU5<3,"BAJO",IF(BU5<4,"BASICO",IF(BU5<4.5,"ALTO",IF(BU5<=5,"SUPERIOR")))) -> BASICO | BW5: 1 | BX5: 3.5 | BY5: 3.5 | BZ5: 3.5 | CA5: =((BX5*0.3)+(BY5*0.4)+(BZ5*0.3)) -> 3.5 | CB5: =IF(CA5<3,"BAJO",IF(CA5<4,"BASICO",IF(CA5<4.5,"ALTO",IF(CA5<=5,"SUPERIOR")))) -> BASICO | CC5: 1 | CD5: 4 | CE5: 4.2 | CF5: 4.2 | CG5: =((CD5*0.3)+(CE5*0.4)+(CF5*0.3)) -> 4.14 | CH5: =IF(CG5<3,"BAJO",IF(CG5<4,"BASICO",IF(CG5<4.5,"ALTO",IF(CG5<=5,"SUPERIOR")))) -> ALTO | CI5: 1 | CJ5: 4 | CK5: 4 | CL5: 4 | CM5: =((CJ5*0.3)+(CK5*0.4)+(CL5*0.3)) -> 4 | CN5: =IF(CM5<3,"BAJO",IF(CM5<4,"BASICO",IF(CM5<4.5,"ALTO",IF(CM5<=5,"SUPERIOR")))) -> ALTO | CO5: 1 | CP5: 3.8 | CQ5: 3.8 | CR5: 3.8 | CS5: =((CP5*0.3)+(CQ5*0.4)+(CR5*0.3)) -> 3.8 | CT5: =IF(CS5<3,"BAJO",IF(CS5<4,"BASICO",IF(CS5<4.5,"ALTO",IF(CS5<=5,"SUPERIOR")))) -> BASICO | CU5: 2 | CV5: 2 | CW5: 2 | CX5: 2 | CY5: =((CV5*0.3)+(CW5*0.4)+(CX5*0.3)) -> 2 | CZ5: =IF(CY5<3,"BAJO",IF(CY5<4,"BASICO",IF(CY5<4.5,"ALTO",IF(CY5<=5,"SUPERIOR")))) -> BAJO | DA5: 2 | DB5: 2 | DC5: 2 | DD5: 3.5 | DE5: =((DB5*0.3)+(DC5*0.4)+(DD5*0.3)) -> 2.45 | DF5: =IF(DE5<2.95,"BAJO",IF(DE5<3.95,"BASICO",IF(DE5<4.45,"ALTO",IF(DE5<=5,"SUPERIOR")))) -> BAJO | DG5: 0 | DI5: =IF(DH5<3,"BAJO",IF(DH5<4,"BASICO",IF(DH5<4.5,"ALTO",IF(DH5<=5,"SUPERIOR")))) -> BAJO | DJ5: =AVERAGE(M5,Y5,AE5,AK5,AW5,BC5,BI5,BO5,CA5,DE5,DH5,CY5,CS5,CM5,CG5,AQ5,S5) -> 3.449375 | DK5: =$DK$2 -> Comprende el concepto de números reales, su relación de orden y las propiedades de sus operaciones, así como las relaciones de semejanza y congruencia de distintas figuras geométricas. | DL5: =DL4 -> Aplica correctamente las propiedades de las operaciones de números reales y expresiones algebraicas en la resolución de problemas. | DM5: =DM4 -> Valora el uso del pensamiento lógico a la hora de plantear y resolver problemas de las matemáticas y de la vida cotidiana. | DN5: =DN4 -> Reconoce y clasifica variables aleatorias, comprendiendo sus tipos y características; además, interpreta la información presentada en tablas de frecuencias y diagramas estadísticos, explicando su significado en contextos diversos. | DO5: =DO4 -> Organiza y analiza datos mediante la construcción de tablas de frecuencias y diagramas estadísticos, identificando variables aleatorias y utilizando estas representaciones para resolver situaciones problema. | DP5: =DP4 -> Muestra disposición y responsabilidad en el manejo y análisis de datos, participando activamente en actividades individuales y colaborativas, y comunicando información estadística con claridad y sentido crítico. | DQ5: =DQ4 -> Analiza las características de la literatura prehispánica y la literatura del descubrimiento y la conquista en Colombia identificando sus elementos fundamentales y su impacto en la cultura y el lenguaje actual. | DR5: =DR4 -> Realiza comprensión lectora cuando analiza un texto desde el discurso de la Enunciación e identifica la función de cada uno de sus componentes. Responde preguntas en los tres niveles de lectura a una leyenda del Caribe. | DS5: =DS4 -> Muestra disposición para participar activamente en las clases, promoviendo el respeto por las ideas ajenas y reconociendo la importancia de la precisión como una herramienta clave para una comunicación | ... FJ5: =FJ4 -> Identifica y reconoce sus pricipales deberes y derechos dentro y fuera de la Institución educativa.
A6: 5 | B6: CABALLERO REALES HARETH JANOVIS | C6: 1047053184 | D6: 8°A | E6: Yenis María Duncan Ramirez | F6: Mañana | G6: PRIMERO | H6: 2026 | I6: 4 | J6: 3.2 | K6: 3.4 | L6: 3.6 | M6: =((J6*0.3)+(K6*0.4)+(L6*0.3)) -> 3.4 | N6: =IF(M6<3,"BAJO",IF(M6<4,"BASICO",IF(M6<4.5,"ALTO",IF(M6<=5,"SUPERIOR")))) -> BASICO | O6: 1 | P6: 4.1 | Q6: 4.1 | R6: 4.1 | S6: =((P6*0.3)+(Q6*0.4)+(R6*0.3)) -> 4.1 | T6: =IF(S6<3,"BAJO",IF(S6<4,"BASICO",IF(S6<4.5,"ALTO",IF(S6<=5,"SUPERIOR")))) -> ALTO | U6: 4 | V6: 3.3 | W6: 3.5 | X6: 3.8 | Y6: =((V6*0.3)+(W6*0.4)+(X6*0.3)) -> 3.53 | Z6: =IF(Y6<3,"BAJO",IF(Y6<4,"BASICO",IF(Y6<4.5,"ALTO",IF(Y6<=5,"SUPERIOR")))) -> BASICO | AA6: 1 | AB6: 2.8 | AC6: 2.8 | AD6: 2.8 | AE6: =((AB6*0.3)+(AC6*0.4)+(AD6*0.3)) -> 2.8 | AF6: =IF(AE6<3,"BAJO",IF(AE6<4,"BASICO",IF(AE6<4.5,"ALTO",IF(AE6<=5,"SUPERIOR")))) -> BAJO | AG6: 2 | AH6: 3.5 | AI6: 3.5 | AJ6: 3.5 | AK6: =((AH6*0.3)+(AI6*0.4)+(AJ6*0.3)) -> 3.5 | AL6: =IF(AK6<3,"BAJO",IF(AK6<4,"BASICO",IF(AK6<4.5,"ALTO",IF(AK6<=5,"SUPERIOR")))) -> BASICO | AM6: 1 | AN6: 3.5 | AO6: 3.5 | AP6: 3.5 | AQ6: =((AN6*0.3)+(AO6*0.4)+(AP6*0.3)) -> 3.5 | AR6: =IF(AQ6<3,"BAJO",IF(AQ6<4,"BASICO",IF(AQ6<4.5,"ALTO",IF(AQ6<=5,"SUPERIOR")))) -> BASICO | AS6: 4 | AT6: 2.5 | AU6: 2.5 | AV6: 2.5 | AW6: =((AT6*0.3)+(AU6*0.4)+(AV6*0.3)) -> 2.5 | AX6: =IF(AW6<3,"BAJO",IF(AW6<4,"BASICO",IF(AW6<4.5,"ALTO",IF(AW51<=5,"SUPERIOR")))) -> BAJO | AY6: 1 | AZ6: 3.5 | BA6: 3.5 | BB6: 3.5 | BC6: =((AZ6*0.3)+(BA6*0.4)+(BB6*0.3)) -> 3.5 | BD6: =IF(BC6<3,"BAJO",IF(BC6<4,"BASICO",IF(BC6<4.5,"ALTO",IF(BC6<=5,"SUPERIOR")))) -> BASICO | BE6: 2 | BF6: 3.5 | BG6: 3.6 | BH6: 3.8 | BI6: =((BF6*0.3)+(BG6*0.4)+(BH6*0.3)) -> 3.63 | BJ6: =IF(BI6<3,"BAJO",IF(BI6<4,"BASICO",IF(BI6<4.5,"ALTO",IF(BI6<=5,"SUPERIOR")))) -> BASICO | BK6: 1 | BL6: 3.5 | BM6: 3.6 | BN6: 3.8 | BO6: =((BL6*0.3)+(BM6*0.4)+(BN6*0.3)) -> 3.63 | BP6: =IF(BO6<3,"BAJO",IF(BO6<4,"BASICO",IF(BO6<4.5,"ALTO",IF(BO6<=5,"SUPERIOR")))) -> BASICO | BQ6: 1 | BR6: 3.5 | BS6: 3.6 | BT6: 3.8 | BU6: =((BR6*0.3)+(BS6*0.4)+(BT6*0.3)) -> 3.63 | BV6: =IF(BU6<3,"BAJO",IF(BU6<4,"BASICO",IF(BU6<4.5,"ALTO",IF(BU6<=5,"SUPERIOR")))) -> BASICO | BW6: 1 | BX6: 3.5 | BY6: 3.5 | BZ6: 3.5 | CA6: =((BX6*0.3)+(BY6*0.4)+(BZ6*0.3)) -> 3.5 | CB6: =IF(CA6<3,"BAJO",IF(CA6<4,"BASICO",IF(CA6<4.5,"ALTO",IF(CA6<=5,"SUPERIOR")))) -> BASICO | CC6: 1 | CD6: 4 | CE6: 4.2 | CF6: 4.2 | CG6: =((CD6*0.3)+(CE6*0.4)+(CF6*0.3)) -> 4.14 | CH6: =IF(CG6<3,"BAJO",IF(CG6<4,"BASICO",IF(CG6<4.5,"ALTO",IF(CG6<=5,"SUPERIOR")))) -> ALTO | CI6: 1 | CJ6: 4.5 | CK6: 4.5 | CL6: 4.3 | CM6: =((CJ6*0.3)+(CK6*0.4)+(CL6*0.3)) -> 4.44 | CN6: =IF(CM6<3,"BAJO",IF(CM6<4,"BASICO",IF(CM6<4.5,"ALTO",IF(CM6<=5,"SUPERIOR")))) -> ALTO | CO6: 1 | CP6: 3.5 | CQ6: 3.5 | CR6: 3.5 | CS6: =((CP6*0.3)+(CQ6*0.4)+(CR6*0.3)) -> 3.5 | CT6: =IF(CS6<3,"BAJO",IF(CS6<4,"BASICO",IF(CS6<4.5,"ALTO",IF(CS6<=5,"SUPERIOR")))) -> BASICO | CU6: 2 | CV6: 4 | CW6: 4 | CX6: 4 | CY6: =((CV6*0.3)+(CW6*0.4)+(CX6*0.3)) -> 4 | CZ6: =IF(CY6<3,"BAJO",IF(CY6<4,"BASICO",IF(CY6<4.5,"ALTO",IF(CY6<=5,"SUPERIOR")))) -> ALTO | DA6: 2 | DB6: 4 | DC6: 4 | DD6: 4 | DE6: =((DB6*0.3)+(DC6*0.4)+(DD6*0.3)) -> 4 | DF6: =IF(DE6<2.95,"BAJO",IF(DE6<3.95,"BASICO",IF(DE6<4.45,"ALTO",IF(DE6<=5,"SUPERIOR")))) -> ALTO | DG6: 0 | DI6: =IF(DH6<3,"BAJO",IF(DH6<4,"BASICO",IF(DH6<4.5,"ALTO",IF(DH6<=5,"SUPERIOR")))) -> BAJO | DJ6: =AVERAGE(M6,Y6,AE6,AK6,AW6,BC6,BI6,BO6,CA6,DE6,DH6,CY6,CS6,CM6,CG6,AQ6,S6) -> 3.604375 | DK6: =$DK$2 -> Comprende el concepto de números reales, su relación de orden y las propiedades de sus operaciones, así como las relaciones de semejanza y congruencia de distintas figuras geométricas. | DL6: =DL5 -> Aplica correctamente las propiedades de las operaciones de números reales y expresiones algebraicas en la resolución de problemas. | DM6: =DM5 -> Valora el uso del pensamiento lógico a la hora de plantear y resolver problemas de las matemáticas y de la vida cotidiana. | DN6: =DN5 -> Reconoce y clasifica variables aleatorias, comprendiendo sus tipos y características; además, interpreta la información presentada en tablas de frecuencias y diagramas estadísticos, explicando su significado en contextos diversos. | DO6: =DO5 -> Organiza y analiza datos mediante la construcción de tablas de frecuencias y diagramas estadísticos, identificando variables aleatorias y utilizando estas representaciones para resolver situaciones problema. | DP6: =DP5 -> Muestra disposición y responsabilidad en el manejo y análisis de datos, participando activamente en actividades individuales y colaborativas, y comunicando información estadística con claridad y sentido crítico. | DQ6: =DQ5 -> Analiza las características de la literatura prehispánica y la literatura del descubrimiento y la conquista en Colombia identificando sus elementos fundamentales y su impacto en la cultura y el lenguaje actual. | DR6: =DR5 -> Realiza comprensión lectora cuando analiza un texto desde el discurso de la Enunciación e identifica la función de cada uno de sus componentes. Responde preguntas en los tres niveles de lectura a una leyenda del Caribe. | DS6: =DS5 -> Muestra disposición para participar activamente en las clases, promoviendo el respeto por las ideas ajenas y reconociendo la importancia de la precisión como una herramienta clave para una comunicación | ... FJ6: =FJ5 -> Identifica y reconoce sus pricipales deberes y derechos dentro y fuera de la Institución educativa.
A7: 6 | B7: CAMARGO TOLOZA ELIAS JESUS | C7: 1044642358 | D7: 8°A | E7: Yenis María Duncan Ramirez | F7: Mañana | G7: PRIMERO | H7: 2026 | I7: 4 | J7: 2.9 | K7: 3 | L7: 3.1 | M7: =((J7*0.3)+(K7*0.4)+(L7*0.3)) -> 3 | N7: =IF(M7<3,"BAJO",IF(M7<4,"BASICO",IF(M7<4.5,"ALTO",IF(M7<=5,"SUPERIOR")))) -> BASICO | O7: 1 | P7: 4.3 | Q7: 4.3 | R7: 4.3 | S7: =((P7*0.3)+(Q7*0.4)+(R7*0.3)) -> 4.3 | T7: =IF(S7<3,"BAJO",IF(S7<4,"BASICO",IF(S7<4.5,"ALTO",IF(S7<=5,"SUPERIOR")))) -> ALTO | U7: 4 | V7: 3.8 | W7: 3.8 | X7: 3.3 | Y7: =((V7*0.3)+(W7*0.4)+(X7*0.3)) -> 3.65 | Z7: =IF(Y7<3,"BAJO",IF(Y7<4,"BASICO",IF(Y7<4.5,"ALTO",IF(Y7<=5,"SUPERIOR")))) -> BASICO | AA7: 1 | AB7: 2.6 | AC7: 2.6 | AD7: 2.6 | AE7: =((AB7*0.3)+(AC7*0.4)+(AD7*0.3)) -> 2.6 | AF7: =IF(AE7<3,"BAJO",IF(AE7<4,"BASICO",IF(AE7<4.5,"ALTO",IF(AE7<=5,"SUPERIOR")))) -> BAJO | AG7: 2 | AH7: 2.5 | AI7: 3 | AJ7: 3 | AK7: =((AH7*0.3)+(AI7*0.4)+(AJ7*0.3)) -> 2.85 | AL7: =IF(AK7<3,"BAJO",IF(AK7<4,"BASICO",IF(AK7<4.5,"ALTO",IF(AK7<=5,"SUPERIOR")))) -> BAJO | AM7: 1 | AN7: 2.5 | AO7: 3 | AP7: 3 | AQ7: =((AN7*0.3)+(AO7*0.4)+(AP7*0.3)) -> 2.85 | AR7: =IF(AQ7<3,"BAJO",IF(AQ7<4,"BASICO",IF(AQ7<4.5,"ALTO",IF(AQ7<=5,"SUPERIOR")))) -> BAJO | AS7: 4 | AT7: 3.5 | AU7: 3.5 | AV7: 3.5 | AW7: =((AT7*0.3)+(AU7*0.4)+(AV7*0.3)) -> 3.5 | AX7: =IF(AW7<3,"BAJO",IF(AW7<4,"BASICO",IF(AW7<4.5,"ALTO",IF(AW52<=5,"SUPERIOR")))) -> BASICO | AY7: 1 | AZ7: 3.5 | BA7: 3 | BB7: 3 | BC7: =((AZ7*0.3)+(BA7*0.4)+(BB7*0.3)) -> 3.15 | BD7: =IF(BC7<3,"BAJO",IF(BC7<4,"BASICO",IF(BC7<4.5,"ALTO",IF(BC7<=5,"SUPERIOR")))) -> BASICO | BE7: 2 | BF7: 3.3 | BG7: 3.2 | BH7: 3.4 | BI7: =((BF7*0.3)+(BG7*0.4)+(BH7*0.3)) -> 3.29 | BJ7: =IF(BI7<3,"BAJO",IF(BI7<4,"BASICO",IF(BI7<4.5,"ALTO",IF(BI7<=5,"SUPERIOR")))) -> BASICO | BK7: 1 | BL7: 3.2 | BM7: 3.3 | BN7: 3.4 | BO7: =((BL7*0.3)+(BM7*0.4)+(BN7*0.3)) -> 3.3 | BP7: =IF(BO7<3,"BAJO",IF(BO7<4,"BASICO",IF(BO7<4.5,"ALTO",IF(BO7<=5,"SUPERIOR")))) -> BASICO | BQ7: 1 | BR7: 3.2 | BS7: 3.3 | BT7: 3.4 | BU7: =((BR7*0.3)+(BS7*0.4)+(BT7*0.3)) -> 3.3 | BV7: =IF(BU7<3,"BAJO",IF(BU7<4,"BASICO",IF(BU7<4.5,"ALTO",IF(BU7<=5,"SUPERIOR")))) -> BASICO | BW7: 1 | BX7: 3.4 | BY7: 3.4 | BZ7: 3.4 | CA7: =((BX7*0.3)+(BY7*0.4)+(BZ7*0.3)) -> 3.4 | CB7: =IF(CA7<3,"BAJO",IF(CA7<4,"BASICO",IF(CA7<4.5,"ALTO",IF(CA7<=5,"SUPERIOR")))) -> BASICO | CC7: 1 | CD7: 3.5 | CE7: 3.4 | CF7: 3.4 | CG7: =((CD7*0.3)+(CE7*0.4)+(CF7*0.3)) -> 3.43 | CH7: =IF(CG7<3,"BAJO",IF(CG7<4,"BASICO",IF(CG7<4.5,"ALTO",IF(CG7<=5,"SUPERIOR")))) -> BASICO | CI7: 1 | CJ7: 4.5 | CK7: 4 | CL7: 3.5 | CM7: =((CJ7*0.3)+(CK7*0.4)+(CL7*0.3)) -> 4 | CN7: =IF(CM7<3,"BAJO",IF(CM7<4,"BASICO",IF(CM7<4.5,"ALTO",IF(CM7<=5,"SUPERIOR")))) -> ALTO | CO7: 1 | CP7: 3.8 | CQ7: 3.8 | CR7: 3.8 | CS7: =((CP7*0.3)+(CQ7*0.4)+(CR7*0.3)) -> 3.8 | CT7: =IF(CS7<3,"BAJO",IF(CS7<4,"BASICO",IF(CS7<4.5,"ALTO",IF(CS7<=5,"SUPERIOR")))) -> BASICO | CU7: 2 | CV7: 4 | CW7: 4 | CX7: 4 | CY7: =((CV7*0.3)+(CW7*0.4)+(CX7*0.3)) -> 4 | CZ7: =IF(CY7<3,"BAJO",IF(CY7<4,"BASICO",IF(CY7<4.5,"ALTO",IF(CY7<=5,"SUPERIOR")))) -> ALTO | DA7: 2 | DB7: 2 | DC7: 2 | DD7: 3 | DE7: =((DB7*0.3)+(DC7*0.4)+(DD7*0.3)) -> 2.3 | DF7: =IF(DE7<2.95,"BAJO",IF(DE7<3.95,"BASICO",IF(DE7<4.45,"ALTO",IF(DE7<=5,"SUPERIOR")))) -> BAJO | DG7: 0 | DI7: =IF(DH7<3,"BAJO",IF(DH7<4,"BASICO",IF(DH7<4.5,"ALTO",IF(DH7<=5,"SUPERIOR")))) -> BAJO | DJ7: =AVERAGE(M7,Y7,AE7,AK7,AW7,BC7,BI7,BO7,CA7,DE7,DH7,CY7,CS7,CM7,CG7,AQ7,S7) -> 3.33875 | DK7: =$DK$2 -> Comprende el concepto de números reales, su relación de orden y las propiedades de sus operaciones, así como las relaciones de semejanza y congruencia de distintas figuras geométricas. | DL7: =DL6 -> Aplica correctamente las propiedades de las operaciones de números reales y expresiones algebraicas en la resolución de problemas. | DM7: =DM6 -> Valora el uso del pensamiento lógico a la hora de plantear y resolver problemas de las matemáticas y de la vida cotidiana. | DN7: =DN6 -> Reconoce y clasifica variables aleatorias, comprendiendo sus tipos y características; además, interpreta la información presentada en tablas de frecuencias y diagramas estadísticos, explicando su significado en contextos diversos. | DO7: =DO6 -> Organiza y analiza datos mediante la construcción de tablas de frecuencias y diagramas estadísticos, identificando variables aleatorias y utilizando estas representaciones para resolver situaciones problema. | DP7: =DP6 -> Muestra disposición y responsabilidad en el manejo y análisis de datos, participando activamente en actividades individuales y colaborativas, y comunicando información estadística con claridad y sentido crítico. | DQ7: =DQ6 -> Analiza las características de la literatura prehispánica y la literatura del descubrimiento y la conquista en Colombia identificando sus elementos fundamentales y su impacto en la cultura y el lenguaje actual. | DR7: =DR6 -> Realiza comprensión lectora cuando analiza un texto desde el discurso de la Enunciación e identifica la función de cada uno de sus componentes. Responde preguntas en los tres niveles de lectura a una leyenda del Caribe. | DS7: =DS6 -> Muestra disposición para participar activamente en las clases, promoviendo el respeto por las ideas ajenas y reconociendo la importancia de la precisión como una herramienta clave para una comunicación | ... FJ7: =FJ6 -> Identifica y reconoce sus pricipales deberes y derechos dentro y fuera de la Institución educativa.
A8: 7 | B8: CAMPO CABALLERO KARLA ANDREA | C8: 1044650380 | D8: 8°A | E8: Yenis María Duncan Ramirez | F8: Mañana | G8: PRIMERO | H8: 2026 | I8: 4 | J8: 4 | K8: 4 | L8: 4 | M8: =((J8*0.3)+(K8*0.4)+(L8*0.3)) -> 4 | N8: =IF(M8<3,"BAJO",IF(M8<4,"BASICO",IF(M8<4.5,"ALTO",IF(M8<=5,"SUPERIOR")))) -> ALTO | O8: 1 | P8: 4.8 | Q8: 4.8 | R8: 4.8 | S8: =((P8*0.3)+(Q8*0.4)+(R8*0.3)) -> 4.8 | T8: =IF(S8<3,"BAJO",IF(S8<4,"BASICO",IF(S8<4.5,"ALTO",IF(S8<=5,"SUPERIOR")))) -> SUPERIOR | U8: 4 | V8: 4.7 | W8: 3.5 | X8: 4 | Y8: =((V8*0.3)+(W8*0.4)+(X8*0.3)) -> 4.01 | Z8: =IF(Y8<3,"BAJO",IF(Y8<4,"BASICO",IF(Y8<4.5,"ALTO",IF(Y8<=5,"SUPERIOR")))) -> ALTO | AA8: 1 | AB8: 4.5 | AC8: 4.5 | AD8: 4.5 | AE8: =((AB8*0.3)+(AC8*0.4)+(AD8*0.3)) -> 4.5 | AF8: =IF(AE8<3,"BAJO",IF(AE8<4,"BASICO",IF(AE8<4.5,"ALTO",IF(AE8<=5,"SUPERIOR")))) -> SUPERIOR | AG8: 2 | AH8: 4.8 | AI8: 4.8 | AJ8: 4.8 | AK8: =((AH8*0.3)+(AI8*0.4)+(AJ8*0.3)) -> 4.8 | AL8: =IF(AK8<3,"BAJO",IF(AK8<4,"BASICO",IF(AK8<4.5,"ALTO",IF(AK8<=5,"SUPERIOR")))) -> SUPERIOR | AM8: 1 | AN8: 4.8 | AO8: 4.8 | AP8: 4.8 | AQ8: =((AN8*0.3)+(AO8*0.4)+(AP8*0.3)) -> 4.8 | AR8: =IF(AQ8<3,"BAJO",IF(AQ8<4,"BASICO",IF(AQ8<4.5,"ALTO",IF(AQ8<=5,"SUPERIOR")))) -> SUPERIOR | AS8: 4 | AT8: 3.5 | AU8: 3.5 | AV8: 3.5 | AW8: =((AT8*0.3)+(AU8*0.4)+(AV8*0.3)) -> 3.5 | AX8: =IF(AW8<3,"BAJO",IF(AW8<4,"BASICO",IF(AW8<4.5,"ALTO",IF(AW53<=5,"SUPERIOR")))) -> BASICO | AY8: 1 | AZ8: 5 | BA8: 5 | BB8: 5 | BC8: =((AZ8*0.3)+(BA8*0.4)+(BB8*0.3)) -> 5 | BD8: =IF(BC8<3,"BAJO",IF(BC8<4,"BASICO",IF(BC8<4.5,"ALTO",IF(BC8<=5,"SUPERIOR")))) -> SUPERIOR | BE8: 2 | BF8: 4 | BG8: 4.4 | BH8: 4.5 | BI8: =((BF8*0.3)+(BG8*0.4)+(BH8*0.3)) -> 4.31 | BJ8: =IF(BI8<3,"BAJO",IF(BI8<4,"BASICO",IF(BI8<4.5,"ALTO",IF(BI8<=5,"SUPERIOR")))) -> ALTO | BK8: 1 | BL8: 4.3 | BM8: 4.2 | BN8: 4.5 | BO8: =((BL8*0.3)+(BM8*0.4)+(BN8*0.3)) -> 4.32 | BP8: =IF(BO8<3,"BAJO",IF(BO8<4,"BASICO",IF(BO8<4.5,"ALTO",IF(BO8<=5,"SUPERIOR")))) -> ALTO | BQ8: 1 | BR8: 4.4 | BS8: 4.2 | BT8: 4.5 | BU8: =((BR8*0.3)+(BS8*0.4)+(BT8*0.3)) -> 4.35 | BV8: =IF(BU8<3,"BAJO",IF(BU8<4,"BASICO",IF(BU8<4.5,"ALTO",IF(BU8<=5,"SUPERIOR")))) -> ALTO | BW8: 1 | BX8: 4 | BY8: 4 | BZ8: 4 | CA8: =((BX8*0.3)+(BY8*0.4)+(BZ8*0.3)) -> 4 | CB8: =IF(CA8<3,"BAJO",IF(CA8<4,"BASICO",IF(CA8<4.5,"ALTO",IF(CA8<=5,"SUPERIOR")))) -> ALTO | CC8: 1 | CD8: 4 | CE8: 4.2 | CF8: 4.2 | CG8: =((CD8*0.3)+(CE8*0.4)+(CF8*0.3)) -> 4.14 | CH8: =IF(CG8<3,"BAJO",IF(CG8<4,"BASICO",IF(CG8<4.5,"ALTO",IF(CG8<=5,"SUPERIOR")))) -> ALTO | CI8: 1 | CJ8: 4.5 | CK8: 4.5 | CL8: 4.5 | CM8: =((CJ8*0.3)+(CK8*0.4)+(CL8*0.3)) -> 4.5 | CN8: =IF(CM8<3,"BAJO",IF(CM8<4,"BASICO",IF(CM8<4.5,"ALTO",IF(CM8<=5,"SUPERIOR")))) -> SUPERIOR | CO8: 1 | CP8: 5 | CQ8: 5 | CR8: 5 | CS8: =((CP8*0.3)+(CQ8*0.4)+(CR8*0.3)) -> 5 | CT8: =IF(CS8<3,"BAJO",IF(CS8<4,"BASICO",IF(CS8<4.5,"ALTO",IF(CS8<=5,"SUPERIOR")))) -> SUPERIOR | CU8: 2 | CV8: 3.5 | CW8: 3.5 | CX8: 3.5 | CY8: =((CV8*0.3)+(CW8*0.4)+(CX8*0.3)) -> 3.5 | CZ8: =IF(CY8<3,"BAJO",IF(CY8<4,"BASICO",IF(CY8<4.5,"ALTO",IF(CY8<=5,"SUPERIOR")))) -> BASICO | DA8: 2 | DB8: 3.5 | DC8: 3.5 | DD8: 3.8 | DE8: =((DB8*0.3)+(DC8*0.4)+(DD8*0.3)) -> 3.59 | DF8: =IF(DE8<2.95,"BAJO",IF(DE8<3.95,"BASICO",IF(DE8<4.45,"ALTO",IF(DE8<=5,"SUPERIOR")))) -> BASICO | DG8: 0 | DI8: =IF(DH8<3,"BAJO",IF(DH8<4,"BASICO",IF(DH8<4.5,"ALTO",IF(DH8<=5,"SUPERIOR")))) -> BAJO | DJ8: =AVERAGE(M8,Y8,AE8,AK8,AW8,BC8,BI8,BO8,CA8,DE8,DH8,CY8,CS8,CM8,CG8,AQ8,S8) -> 4.298125 | DK8: =$DK$2 -> Comprende el concepto de números reales, su relación de orden y las propiedades de sus operaciones, así como las relaciones de semejanza y congruencia de distintas figuras geométricas. | DL8: =DL7 -> Aplica correctamente las propiedades de las operaciones de números reales y expresiones algebraicas en la resolución de problemas. | DM8: =DM7 -> Valora el uso del pensamiento lógico a la hora de plantear y resolver problemas de las matemáticas y de la vida cotidiana. | DN8: =DN7 -> Reconoce y clasifica variables aleatorias, comprendiendo sus tipos y características; además, interpreta la información presentada en tablas de frecuencias y diagramas estadísticos, explicando su significado en contextos diversos. | DO8: =DO7 -> Organiza y analiza datos mediante la construcción de tablas de frecuencias y diagramas estadísticos, identificando variables aleatorias y utilizando estas representaciones para resolver situaciones problema. | DP8: =DP7 -> Muestra disposición y responsabilidad en el manejo y análisis de datos, participando activamente en actividades individuales y colaborativas, y comunicando información estadística con claridad y sentido crítico. | DQ8: =DQ7 -> Analiza las características de la literatura prehispánica y la literatura del descubrimiento y la conquista en Colombia identificando sus elementos fundamentales y su impacto en la cultura y el lenguaje actual. | DR8: =DR7 -> Realiza comprensión lectora cuando analiza un texto desde el discurso de la Enunciación e identifica la función de cada uno de sus componentes. Responde preguntas en los tres niveles de lectura a una leyenda del Caribe. | DS8: =DS7 -> Muestra disposición para participar activamente en las clases, promoviendo el respeto por las ideas ajenas y reconociendo la importancia de la precisión como una herramienta clave para una comunicación | ... FJ8: =FJ7 -> Identifica y reconoce sus pricipales deberes y derechos dentro y fuera de la Institución educativa.
A9: 8 | B9: CANTILLO PALLARES SOFIA | C9: 1042862727 | D9: 8°A | E9: Yenis María Duncan Ramirez | F9: Mañana | G9: PRIMERO | H9: 2026 | I9: 4 | J9: 3.8 | K9: 4 | L9: 4.2 | M9: =((J9*0.3)+(K9*0.4)+(L9*0.3)) -> 4 | N9: =IF(M9<3,"BAJO",IF(M9<4,"BASICO",IF(M9<4.5,"ALTO",IF(M9<=5,"SUPERIOR")))) -> ALTO | O9: 1 | P9: 4.8 | Q9: 4.8 | R9: 4.8 | S9: =((P9*0.3)+(Q9*0.4)+(R9*0.3)) -> 4.8 | T9: =IF(S9<3,"BAJO",IF(S9<4,"BASICO",IF(S9<4.5,"ALTO",IF(S9<=5,"SUPERIOR")))) -> SUPERIOR | U9: 4 | V9: 5 | W9: 5 | X9: 4.7 | Y9: =((V9*0.3)+(W9*0.4)+(X9*0.3)) -> 4.91 | Z9: =IF(Y9<3,"BAJO",IF(Y9<4,"BASICO",IF(Y9<4.5,"ALTO",IF(Y9<=5,"SUPERIOR")))) -> SUPERIOR | AA9: 1 | AB9: 4.5 | AC9: 4.5 | AD9: 4.5 | AE9: =((AB9*0.3)+(AC9*0.4)+(AD9*0.3)) -> 4.5 | AF9: =IF(AE9<3,"BAJO",IF(AE9<4,"BASICO",IF(AE9<4.5,"ALTO",IF(AE9<=5,"SUPERIOR")))) -> SUPERIOR | AG9: 2 | AH9: 4.8 | AI9: 4.8 | AJ9: 4.8 | AK9: =((AH9*0.3)+(AI9*0.4)+(AJ9*0.3)) -> 4.8 | AL9: =IF(AK9<3,"BAJO",IF(AK9<4,"BASICO",IF(AK9<4.5,"ALTO",IF(AK9<=5,"SUPERIOR")))) -> SUPERIOR | AM9: 1 | AN9: 4.8 | AO9: 4.8 | AP9: 4.8 | AQ9: =((AN9*0.3)+(AO9*0.4)+(AP9*0.3)) -> 4.8 | AR9: =IF(AQ9<3,"BAJO",IF(AQ9<4,"BASICO",IF(AQ9<4.5,"ALTO",IF(AQ9<=5,"SUPERIOR")))) -> SUPERIOR | AS9: 4 | AT9: 3.8 | AU9: 3.8 | AV9: 3.8 | AW9: =((AT9*0.3)+(AU9*0.4)+(AV9*0.3)) -> 3.8 | AX9: =IF(AW9<3,"BAJO",IF(AW9<4,"BASICO",IF(AW9<4.5,"ALTO",IF(AW54<=5,"SUPERIOR")))) -> BASICO | AY9: 1 | AZ9: 4.5 | BA9: 4.5 | BB9: 4.5 | BC9: =((AZ9*0.3)+(BA9*0.4)+(BB9*0.3)) -> 4.5 | BD9: =IF(BC9<3,"BAJO",IF(BC9<4,"BASICO",IF(BC9<4.5,"ALTO",IF(BC9<=5,"SUPERIOR")))) -> SUPERIOR | BE9: 2 | BF9: 4 | BG9: 4.5 | BH9: 4.4 | BI9: =((BF9*0.3)+(BG9*0.4)+(BH9*0.3)) -> 4.32 | BJ9: =IF(BI9<3,"BAJO",IF(BI9<4,"BASICO",IF(BI9<4.5,"ALTO",IF(BI9<=5,"SUPERIOR")))) -> ALTO | BK9: 1 | BL9: 4.5 | BM9: 4 | BN9: 4.4 | BO9: =((BL9*0.3)+(BM9*0.4)+(BN9*0.3)) -> 4.27 | BP9: =IF(BO9<3,"BAJO",IF(BO9<4,"BASICO",IF(BO9<4.5,"ALTO",IF(BO9<=5,"SUPERIOR")))) -> ALTO | BQ9: 1 | BR9: 4 | BS9: 4.4 | BT9: 4.5 | BU9: =((BR9*0.3)+(BS9*0.4)+(BT9*0.3)) -> 4.31 | BV9: =IF(BU9<3,"BAJO",IF(BU9<4,"BASICO",IF(BU9<4.5,"ALTO",IF(BU9<=5,"SUPERIOR")))) -> ALTO | BW9: 1 | BX9: 4 | BY9: 4.5 | BZ9: 4.4 | CA9: =((BX9*0.3)+(BY9*0.4)+(BZ9*0.3)) -> 4.32 | CB9: =IF(CA9<3,"BAJO",IF(CA9<4,"BASICO",IF(CA9<4.5,"ALTO",IF(CA9<=5,"SUPERIOR")))) -> ALTO | CC9: 1 | CD9: 4 | CE9: 4.2 | CF9: 4.2 | CG9: =((CD9*0.3)+(CE9*0.4)+(CF9*0.3)) -> 4.14 | CH9: =IF(CG9<3,"BAJO",IF(CG9<4,"BASICO",IF(CG9<4.5,"ALTO",IF(CG9<=5,"SUPERIOR")))) -> ALTO | CI9: 1 | CJ9: 4.4 | CK9: 4.4 | CL9: 4.4 | CM9: =((CJ9*0.3)+(CK9*0.4)+(CL9*0.3)) -> 4.4 | CN9: =IF(CM9<3,"BAJO",IF(CM9<4,"BASICO",IF(CM9<4.5,"ALTO",IF(CM9<=5,"SUPERIOR")))) -> ALTO | CO9: 1 | CP9: 5 | CQ9: 5 | CR9: 5 | CS9: =((CP9*0.3)+(CQ9*0.4)+(CR9*0.3)) -> 5 | CT9: =IF(CS9<3,"BAJO",IF(CS9<4,"BASICO",IF(CS9<4.5,"ALTO",IF(CS9<=5,"SUPERIOR")))) -> SUPERIOR | CU9: 2 | CV9: 3.8 | CW9: 3.8 | CX9: 3.8 | CY9: =((CV9*0.3)+(CW9*0.4)+(CX9*0.3)) -> 3.8 | CZ9: =IF(CY9<3,"BAJO",IF(CY9<4,"BASICO",IF(CY9<4.5,"ALTO",IF(CY9<=5,"SUPERIOR")))) -> BASICO | DA9: 2 | DB9: 3.5 | DC9: 3.5 | DD9: 3.5 | DE9: =((DB9*0.3)+(DC9*0.4)+(DD9*0.3)) -> 3.5 | DF9: =IF(DE9<2.95,"BAJO",IF(DE9<3.95,"BASICO",IF(DE9<4.45,"ALTO",IF(DE9<=5,"SUPERIOR")))) -> BASICO | DG9: 0 | DI9: =IF(DH9<3,"BAJO",IF(DH9<4,"BASICO",IF(DH9<4.5,"ALTO",IF(DH9<=5,"SUPERIOR")))) -> BAJO | DJ9: =AVERAGE(M9,Y9,AE9,AK9,AW9,BC9,BI9,BO9,CA9,DE9,DH9,CY9,CS9,CM9,CG9,AQ9,S9) -> 4.36625 | DK9: =$DK$2 -> Comprende el concepto de números reales, su relación de orden y las propiedades de sus operaciones, así como las relaciones de semejanza y congruencia de distintas figuras geométricas. | DL9: =DL8 -> Aplica correctamente las propiedades de las operaciones de números reales y expresiones algebraicas en la resolución de problemas. | DM9: =DM8 -> Valora el uso del pensamiento lógico a la hora de plantear y resolver problemas de las matemáticas y de la vida cotidiana. | DN9: =DN8 -> Reconoce y clasifica variables aleatorias, comprendiendo sus tipos y características; además, interpreta la información presentada en tablas de frecuencias y diagramas estadísticos, explicando su significado en contextos diversos. | DO9: =DO8 -> Organiza y analiza datos mediante la construcción de tablas de frecuencias y diagramas estadísticos, identificando variables aleatorias y utilizando estas representaciones para resolver situaciones problema. | DP9: =DP8 -> Muestra disposición y responsabilidad en el manejo y análisis de datos, participando activamente en actividades individuales y colaborativas, y comunicando información estadística con claridad y sentido crítico. | DQ9: =DQ8 -> Analiza las características de la literatura prehispánica y la literatura del descubrimiento y la conquista en Colombia identificando sus elementos fundamentales y su impacto en la cultura y el lenguaje actual. | DR9: =DR8 -> Realiza comprensión lectora cuando analiza un texto desde el discurso de la Enunciación e identifica la función de cada uno de sus componentes. Responde preguntas en los tres niveles de lectura a una leyenda del Caribe. | DS9: =DS8 -> Muestra disposición para participar activamente en las clases, promoviendo el respeto por las ideas ajenas y reconociendo la importancia de la precisión como una herramienta clave para una comunicación | ... FJ9: =FJ8 -> Identifica y reconoce sus pricipales deberes y derechos dentro y fuera de la Institución educativa.
A10: 9 | B10: CARDENAS SUAREZ DARIS MILENA | C10: 1143146254 | D10: 8°A | E10: Yenis María Duncan Ramirez | F10: Mañana | G10: PRIMERO | H10: 2026 | I10: 4 | J10: 3 | K10: 3.2 | L10: 3.4 | M10: =((J10*0.3)+(K10*0.4)+(L10*0.3)) -> 3.2 | N10: =IF(M10<3,"BAJO",IF(M10<4,"BASICO",IF(M10<4.5,"ALTO",IF(M10<=5,"SUPERIOR")))) -> BASICO | O10: 1 | P10: 3.3 | Q10: 3.3 | R10: 3.3 | S10: =((P10*0.3)+(Q10*0.4)+(R10*0.3)) -> 3.3 | T10: =IF(S10<3,"BAJO",IF(S10<4,"BASICO",IF(S10<4.5,"ALTO",IF(S10<=5,"SUPERIOR")))) -> BASICO | U10: 4 | V10: 2.8 | W10: 2.5 | X10: 3.3 | Y10: =((V10*0.3)+(W10*0.4)+(X10*0.3)) -> 2.83 | Z10: =IF(Y10<3,"BAJO",IF(Y10<4,"BASICO",IF(Y10<4.5,"ALTO",IF(Y10<=5,"SUPERIOR")))) -> BAJO | AA10: 1 | AB10: 2.4 | AC10: 2.4 | AD10: 2.4 | AE10: =((AB10*0.3)+(AC10*0.4)+(AD10*0.3)) -> 2.4 | AF10: =IF(AE10<3,"BAJO",IF(AE10<4,"BASICO",IF(AE10<4.5,"ALTO",IF(AE10<=5,"SUPERIOR")))) -> BAJO | AG10: 2 | AH10: 2.5 | AI10: 3.5 | AJ10: 3.5 | AK10: =((AH10*0.3)+(AI10*0.4)+(AJ10*0.3)) -> 3.2 | AL10: =IF(AK10<3,"BAJO",IF(AK10<4,"BASICO",IF(AK10<4.5,"ALTO",IF(AK10<=5,"SUPERIOR")))) -> BASICO | AM10: 1 | AN10: 2.5 | AO10: 3.5 | AP10: 3.5 | AQ10: =((AN10*0.3)+(AO10*0.4)+(AP10*0.3)) -> 3.2 | AR10: =IF(AQ10<3,"BAJO",IF(AQ10<4,"BASICO",IF(AQ10<4.5,"ALTO",IF(AQ10<=5,"SUPERIOR")))) -> BASICO | AS10: 4 | AT10: 2 | AU10: 2 | AV10: 2 | AW10: =((AT10*0.3)+(AU10*0.4)+(AV10*0.3)) -> 2 | AX10: =IF(AW10<3,"BAJO",IF(AW10<4,"BASICO",IF(AW10<4.5,"ALTO",IF(AW55<=5,"SUPERIOR")))) -> BAJO | AY10: 1 | AZ10: 3.8 | BA10: 3.5 | BC10: =((AZ10*0.3)+(BA10*0.4)+(BB10*0.3)) -> 2.54 | BD10: =IF(BC10<3,"BAJO",IF(BC10<4,"BASICO",IF(BC10<4.5,"ALTO",IF(BC10<=5,"SUPERIOR")))) -> BAJO | BE10: 2 | BF10: 2.5 | BG10: 2.5 | BH10: 2.5 | BI10: =((BF10*0.3)+(BG10*0.4)+(BH10*0.3)) -> 2.5 | BJ10: =IF(BI10<3,"BAJO",IF(BI10<4,"BASICO",IF(BI10<4.5,"ALTO",IF(BI10<=5,"SUPERIOR")))) -> BAJO | BK10: 1 | BL10: 2.5 | BM10: 2.5 | BN10: 2.5 | BO10: =((BL10*0.3)+(BM10*0.4)+(BN10*0.3)) -> 2.5 | BP10: =IF(BO10<3,"BAJO",IF(BO10<4,"BASICO",IF(BO10<4.5,"ALTO",IF(BO10<=5,"SUPERIOR")))) -> BAJO | BQ10: 1 | BR10: 2.5 | BS10: 2.5 | BT10: 2.5 | BU10: =((BR10*0.3)+(BS10*0.4)+(BT10*0.3)) -> 2.5 | BV10: =IF(BU10<3,"BAJO",IF(BU10<4,"BASICO",IF(BU10<4.5,"ALTO",IF(BU10<=5,"SUPERIOR")))) -> BAJO | BW10: 1 | BX10: 2 | BY10: 2 | BZ10: 2 | CA10: =((BX10*0.3)+(BY10*0.4)+(BZ10*0.3)) -> 2 | CB10: =IF(CA10<3,"BAJO",IF(CA10<4,"BASICO",IF(CA10<4.5,"ALTO",IF(CA10<=5,"SUPERIOR")))) -> BAJO | CC10: 1 | CD10: 3.8 | CE10: 3.7 | CF10: 3.7 | CG10: =((CD10*0.3)+(CE10*0.4)+(CF10*0.3)) -> 3.73 | CH10: =IF(CG10<3,"BAJO",IF(CG10<4,"BASICO",IF(CG10<4.5,"ALTO",IF(CG10<=5,"SUPERIOR")))) -> BASICO | CI10: 1 | CJ10: 4.2 | CK10: 4.2 | CL10: 4.2 | CM10: =((CJ10*0.3)+(CK10*0.4)+(CL10*0.3)) -> 4.2 | CN10: =IF(CM10<3,"BAJO",IF(CM10<4,"BASICO",IF(CM10<4.5,"ALTO",IF(CM10<=5,"SUPERIOR")))) -> ALTO | CO10: 1 | CP10: 5 | CQ10: 5 | CR10: 5 | CS10: =((CP10*0.3)+(CQ10*0.4)+(CR10*0.3)) -> 5 | CT10: =IF(CS10<3,"BAJO",IF(CS10<4,"BASICO",IF(CS10<4.5,"ALTO",IF(CS10<=5,"SUPERIOR")))) -> SUPERIOR | CU10: 2 | CY10: =((CV10*0.3)+(CW10*0.4)+(CX10*0.3)) -> 0 | CZ10: =IF(CY10<3,"BAJO",IF(CY10<4,"BASICO",IF(CY10<4.5,"ALTO",IF(CY10<=5,"SUPERIOR")))) -> BAJO | DA10: 2 | DB10: 3.5 | DC10: 4 | DD10: 3.5 | DE10: =((DB10*0.3)+(DC10*0.4)+(DD10*0.3)) -> 3.7 | DF10: =IF(DE10<2.95,"BAJO",IF(DE10<3.95,"BASICO",IF(DE10<4.45,"ALTO",IF(DE10<=5,"SUPERIOR")))) -> BASICO | DG10: 0 | DI10: =IF(DH10<3,"BAJO",IF(DH10<4,"BASICO",IF(DH10<4.5,"ALTO",IF(DH10<=5,"SUPERIOR")))) -> BAJO | DJ10: =AVERAGE(M10,Y10,AE10,AK10,AW10,BC10,BI10,BO10,CA10,DE10,DH10,CY10,CS10,CM10,CG10,AQ10,S10) -> 2.89375 | DK10: =$DK$2 -> Comprende el concepto de números reales, su relación de orden y las propiedades de sus operaciones, así como las relaciones de semejanza y congruencia de distintas figuras geométricas. | DL10: =DL9 -> Aplica correctamente las propiedades de las operaciones de números reales y expresiones algebraicas en la resolución de problemas. | DM10: =DM9 -> Valora el uso del pensamiento lógico a la hora de plantear y resolver problemas de las matemáticas y de la vida cotidiana. | DN10: =DN9 -> Reconoce y clasifica variables aleatorias, comprendiendo sus tipos y características; además, interpreta la información presentada en tablas de frecuencias y diagramas estadísticos, explicando su significado en contextos diversos. | DO10: =DO9 -> Organiza y analiza datos mediante la construcción de tablas de frecuencias y diagramas estadísticos, identificando variables aleatorias y utilizando estas representaciones para resolver situaciones problema. | DP10: =DP9 -> Muestra disposición y responsabilidad en el manejo y análisis de datos, participando activamente en actividades individuales y colaborativas, y comunicando información estadística con claridad y sentido crítico. | DQ10: =DQ9 -> Analiza las características de la literatura prehispánica y la literatura del descubrimiento y la conquista en Colombia identificando sus elementos fundamentales y su impacto en la cultura y el lenguaje actual. | DR10: =DR9 -> Realiza comprensión lectora cuando analiza un texto desde el discurso de la Enunciación e identifica la función de cada uno de sus componentes. Responde preguntas en los tres niveles de lectura a una leyenda del Caribe. | DS10: =DS9 -> Muestra disposición para participar activamente en las clases, promoviendo el respeto por las ideas ajenas y reconociendo la importancia de la precisión como una herramienta clave para una comunicación | ... FJ10: =FJ9 -> Identifica y reconoce sus pricipales deberes y derechos dentro y fuera de la Institución educativa.
A11: 10 | B11: CASSIANI CASSIANI ALAN ANDRES | C11: 1043682927 | D11: 8°A | E11: Yenis María Duncan Ramirez | F11: Mañana | G11: PRIMERO | H11: 2026 | I11: 4 | J11: 2.4 | K11: 2.5 | L11: 2.6 | M11: =((J11*0.3)+(K11*0.4)+(L11*0.3)) -> 2.5 | N11: =IF(M11<3,"BAJO",IF(M11<4,"BASICO",IF(M11<4.5,"ALTO",IF(M11<=5,"SUPERIOR")))) -> BAJO | O11: 1 | P11: 3.1 | Q11: 3.1 | R11: 3.1 | S11: =((P11*0.3)+(Q11*0.4)+(R11*0.3)) -> 3.1 | T11: =IF(S11<3,"BAJO",IF(S11<4,"BASICO",IF(S11<4.5,"ALTO",IF(S11<=5,"SUPERIOR")))) -> BASICO | U11: 4 | V11: 3 | W11: 3 | X11: 3 | Y11: =((V11*0.3)+(W11*0.4)+(X11*0.3)) -> 3 | Z11: =IF(Y11<3,"BAJO",IF(Y11<4,"BASICO",IF(Y11<4.5,"ALTO",IF(Y11<=5,"SUPERIOR")))) -> BASICO | AA11: 1 | AB11: 2.8 | AC11: 2.8 | AD11: 2.8 | AE11: =((AB11*0.3)+(AC11*0.4)+(AD11*0.3)) -> 2.8 | AF11: =IF(AE11<3,"BAJO",IF(AE11<4,"BASICO",IF(AE11<4.5,"ALTO",IF(AE11<=5,"SUPERIOR")))) -> BAJO | AG11: 2 | AH11: 2 | AI11: 3 | AJ11: 3 | AK11: =((AH11*0.3)+(AI11*0.4)+(AJ11*0.3)) -> 2.7 | AL11: =IF(AK11<3,"BAJO",IF(AK11<4,"BASICO",IF(AK11<4.5,"ALTO",IF(AK11<=5,"SUPERIOR")))) -> BAJO | AM11: 1 | AN11: 2 | AO11: 3 | AP11: 3 | AQ11: =((AN11*0.3)+(AO11*0.4)+(AP11*0.3)) -> 2.7 | AR11: =IF(AQ11<3,"BAJO",IF(AQ11<4,"BASICO",IF(AQ11<4.5,"ALTO",IF(AQ11<=5,"SUPERIOR")))) -> BAJO | AS11: 4 | AT11: 2.5 | AU11: 2.5 | AV11: 2.5 | AW11: =((AT11*0.3)+(AU11*0.4)+(AV11*0.3)) -> 2.5 | AX11: =IF(AW11<3,"BAJO",IF(AW11<4,"BASICO",IF(AW11<4.5,"ALTO",IF(AW56<=5,"SUPERIOR")))) -> BAJO | AY11: 1 | AZ11: 3.5 | BA11: 3.5 | BB11: 3.5 | BC11: =((AZ11*0.3)+(BA11*0.4)+(BB11*0.3)) -> 3.5 | BD11: =IF(BC11<3,"BAJO",IF(BC11<4,"BASICO",IF(BC11<4.5,"ALTO",IF(BC11<=5,"SUPERIOR")))) -> BASICO | BE11: 2 | BF11: 2 | BG11: 2 | BH11: 2 | BI11: =((BF11*0.3)+(BG11*0.4)+(BH11*0.3)) -> 2 | BJ11: =IF(BI11<3,"BAJO",IF(BI11<4,"BASICO",IF(BI11<4.5,"ALTO",IF(BI11<=5,"SUPERIOR")))) -> BAJO | BK11: 1 | BL11: 2 | BM11: 2 | BN11: 2 | BO11: =((BL11*0.3)+(BM11*0.4)+(BN11*0.3)) -> 2 | BP11: =IF(BO11<3,"BAJO",IF(BO11<4,"BASICO",IF(BO11<4.5,"ALTO",IF(BO11<=5,"SUPERIOR")))) -> BAJO | BQ11: 2 | BR11: 2 | BS11: 2 | BT11: 2 | BU11: =((BR11*0.3)+(BS11*0.4)+(BT11*0.3)) -> 2 | BV11: =IF(BU11<3,"BAJO",IF(BU11<4,"BASICO",IF(BU11<4.5,"ALTO",IF(BU11<=5,"SUPERIOR")))) -> BAJO | BW11: 1 | BX11: 2 | BY11: 2 | BZ11: 2 | CA11: =((BX11*0.3)+(BY11*0.4)+(BZ11*0.3)) -> 2 | CB11: =IF(CA11<3,"BAJO",IF(CA11<4,"BASICO",IF(CA11<4.5,"ALTO",IF(CA11<=5,"SUPERIOR")))) -> BAJO | CC11: 1 | CD11: 3 | CE11: 3 | CF11: 3 | CG11: =((CD11*0.3)+(CE11*0.4)+(CF11*0.3)) -> 3 | CH11: =IF(CG11<3,"BAJO",IF(CG11<4,"BASICO",IF(CG11<4.5,"ALTO",IF(CG11<=5,"SUPERIOR")))) -> BASICO | CI11: 1 | CJ11: 3.5 | CK11: 3.5 | CL11: 3.5 | CM11: =((CJ11*0.3)+(CK11*0.4)+(CL11*0.3)) -> 3.5 | CN11: =IF(CM11<3,"BAJO",IF(CM11<4,"BASICO",IF(CM11<4.5,"ALTO",IF(CM11<=5,"SUPERIOR")))) -> BASICO | CO11: 1 | CP11: 3 | CQ11: 3 | CR11: 3 | CS11: =((CP11*0.3)+(CQ11*0.4)+(CR11*0.3)) -> 3 | CT11: =IF(CS11<3,"BAJO",IF(CS11<4,"BASICO",IF(CS11<4.5,"ALTO",IF(CS11<=5,"SUPERIOR")))) -> BASICO | CU11: 2 | CV11: 2 | CW11: 2 | CX11: 2 | CY11: =((CV11*0.3)+(CW11*0.4)+(CX11*0.3)) -> 2 | CZ11: =IF(CY11<3,"BAJO",IF(CY11<4,"BASICO",IF(CY11<4.5,"ALTO",IF(CY11<=5,"SUPERIOR")))) -> BAJO | DA11: 2 | DB11: 3.5 | DC11: 3 | DD11: 3.2 | DE11: =((DB11*0.3)+(DC11*0.4)+(DD11*0.3)) -> 3.21 | DF11: =IF(DE11<2.95,"BAJO",IF(DE11<3.95,"BASICO",IF(DE11<4.45,"ALTO",IF(DE11<=5,"SUPERIOR")))) -> BASICO | DG11: 0 | DI11: =IF(DH11<3,"BAJO",IF(DH11<4,"BASICO",IF(DH11<4.5,"ALTO",IF(DH11<=5,"SUPERIOR")))) -> BAJO | DJ11: =AVERAGE(M11,Y11,AE11,AK11,AW11,BC11,BI11,BO11,CA11,DE11,DH11,CY11,CS11,CM11,CG11,AQ11,S11) -> 2.719375 | DK11: =$DK$2 -> Comprende el concepto de números reales, su relación de orden y las propiedades de sus operaciones, así como las relaciones de semejanza y congruencia de distintas figuras geométricas. | DL11: =DL10 -> Aplica correctamente las propiedades de las operaciones de números reales y expresiones algebraicas en la resolución de problemas. | DM11: =DM10 -> Valora el uso del pensamiento lógico a la hora de plantear y resolver problemas de las matemáticas y de la vida cotidiana. | DN11: =DN10 -> Reconoce y clasifica variables aleatorias, comprendiendo sus tipos y características; además, interpreta la información presentada en tablas de frecuencias y diagramas estadísticos, explicando su significado en contextos diversos. | DO11: =DO10 -> Organiza y analiza datos mediante la construcción de tablas de frecuencias y diagramas estadísticos, identificando variables aleatorias y utilizando estas representaciones para resolver situaciones problema. | DP11: =DP10 -> Muestra disposición y responsabilidad en el manejo y análisis de datos, participando activamente en actividades individuales y colaborativas, y comunicando información estadística con claridad y sentido crítico. | DQ11: =DQ10 -> Analiza las características de la literatura prehispánica y la literatura del descubrimiento y la conquista en Colombia identificando sus elementos fundamentales y su impacto en la cultura y el lenguaje actual. | DR11: =DR10 -> Realiza comprensión lectora cuando analiza un texto desde el discurso de la Enunciación e identifica la función de cada uno de sus componentes. Responde preguntas en los tres niveles de lectura a una leyenda del Caribe. | DS11: =DS10 -> Muestra disposición para participar activamente en las clases, promoviendo el respeto por las ideas ajenas y reconociendo la importancia de la precisión como una herramienta clave para una comunicación | ... FJ11: =FJ10 -> Identifica y reconoce sus pricipales deberes y derechos dentro y fuera de la Institución educativa.
A12: 11 | B12: CASTAÑO VILLARREAL SEBASTIAN | C12: 1143147694 | D12: 8°A | E12: Yenis María Duncan Ramirez | F12: Mañana | G12: PRIMERO | H12: 2026 | I12: 4 | J12: 4 | K12: 4 | L12: 4 | M12: =((J12*0.3)+(K12*0.4)+(L12*0.3)) -> 4 | N12: =IF(M12<3,"BAJO",IF(M12<4,"BASICO",IF(M12<4.5,"ALTO",IF(M12<=5,"SUPERIOR")))) -> ALTO | O12: 1 | P12: 3.3 | Q12: 3.3 | R12: 3.3 | S12: =((P12*0.3)+(Q12*0.4)+(R12*0.3)) -> 3.3 | T12: =IF(S12<3,"BAJO",IF(S12<4,"BASICO",IF(S12<4.5,"ALTO",IF(S12<=5,"SUPERIOR")))) -> BASICO | U12: 4 | V12: 5 | W12: 5 | X12: 4.7 | Y12: =((V12*0.3)+(W12*0.4)+(X12*0.3)) -> 4.91 | Z12: =IF(Y12<3,"BAJO",IF(Y12<4,"BASICO",IF(Y12<4.5,"ALTO",IF(Y12<=5,"SUPERIOR")))) -> SUPERIOR | AA12: 1 | AB12: 4.7 | AC12: 4.7 | AD12: 4.7 | AE12: =((AB12*0.3)+(AC12*0.4)+(AD12*0.3)) -> 4.7 | AF12: =IF(AE12<3,"BAJO",IF(AE12<4,"BASICO",IF(AE12<4.5,"ALTO",IF(AE12<=5,"SUPERIOR")))) -> SUPERIOR | AG12: 2 | AH12: 4 | AI12: 3.5 | AJ12: 3.5 | AK12: =((AH12*0.3)+(AI12*0.4)+(AJ12*0.3)) -> 3.65 | AL12: =IF(AK12<3,"BAJO",IF(AK12<4,"BASICO",IF(AK12<4.5,"ALTO",IF(AK12<=5,"SUPERIOR")))) -> BASICO | AM12: 1 | AN12: 4 | AO12: 3.5 | AP12: 3.5 | AQ12: =((AN12*0.3)+(AO12*0.4)+(AP12*0.3)) -> 3.65 | AR12: =IF(AQ12<3,"BAJO",IF(AQ12<4,"BASICO",IF(AQ12<4.5,"ALTO",IF(AQ12<=5,"SUPERIOR")))) -> BASICO | AS12: 4 | AT12: 3.8 | AU12: 3.8 | AV12: 3.8 | AW12: =((AT12*0.3)+(AU12*0.4)+(AV12*0.3)) -> 3.8 | AX12: =IF(AW12<3,"BAJO",IF(AW12<4,"BASICO",IF(AW12<4.5,"ALTO",IF(AW57<=5,"SUPERIOR")))) -> BASICO | AY12: 1 | AZ12: 5 | BA12: 5 | BB12: 5 | BC12: =((AZ12*0.3)+(BA12*0.4)+(BB12*0.3)) -> 5 | BD12: =IF(BC12<3,"BAJO",IF(BC12<4,"BASICO",IF(BC12<4.5,"ALTO",IF(BC12<=5,"SUPERIOR")))) -> SUPERIOR | BE12: 2 | BF12: 3.5 | BG12: 3.4 | BH12: 36 | BI12: =((BF12*0.3)+(BG12*0.4)+(BH12*0.3)) -> 13.21 | BJ12: =IF(BI12<3,"BAJO",IF(BI12<4,"BASICO",IF(BI12<4.5,"ALTO",IF(BI12<=5,"SUPERIOR")))) -> FALSE | BK12: 1 | BL12: 3.5 | BM12: 3.6 | BN12: 3.8 | BO12: =((BL12*0.3)+(BM12*0.4)+(BN12*0.3)) -> 3.63 | BP12: =IF(BO12<3,"BAJO",IF(BO12<4,"BASICO",IF(BO12<4.5,"ALTO",IF(BO12<=5,"SUPERIOR")))) -> BASICO | BQ12: 1 | BR12: 3.5 | BS12: 3.6 | BT12: 3.8 | BU12: =((BR12*0.3)+(BS12*0.4)+(BT12*0.3)) -> 3.63 | BV12: =IF(BU12<3,"BAJO",IF(BU12<4,"BASICO",IF(BU12<4.5,"ALTO",IF(BU12<=5,"SUPERIOR")))) -> BASICO | BW12: 1 | BX12: 3.5 | BY12: 3.6 | BZ12: 3.8 | CA12: =((BX12*0.3)+(BY12*0.4)+(BZ12*0.3)) -> 3.63 | CB12: =IF(CA12<3,"BAJO",IF(CA12<4,"BASICO",IF(CA12<4.5,"ALTO",IF(CA12<=5,"SUPERIOR")))) -> BASICO | CC12: 1 | CD12: 4 | CE12: 4.2 | CF12: 4.2 | CG12: =((CD12*0.3)+(CE12*0.4)+(CF12*0.3)) -> 4.14 | CH12: =IF(CG12<3,"BAJO",IF(CG12<4,"BASICO",IF(CG12<4.5,"ALTO",IF(CG12<=5,"SUPERIOR")))) -> ALTO | CI12: 1 | CJ12: 4.2 | CK12: 4.2 | CL12: 4.2 | CM12: =((CJ12*0.3)+(CK12*0.4)+(CL12*0.3)) -> 4.2 | CN12: =IF(CM12<3,"BAJO",IF(CM12<4,"BASICO",IF(CM12<4.5,"ALTO",IF(CM12<=5,"SUPERIOR")))) -> ALTO | CO12: 1 | CP12: 5 | CQ12: 5 | CR12: 5 | CS12: =((CP12*0.3)+(CQ12*0.4)+(CR12*0.3)) -> 5 | CT12: =IF(CS12<3,"BAJO",IF(CS12<4,"BASICO",IF(CS12<4.5,"ALTO",IF(CS12<=5,"SUPERIOR")))) -> SUPERIOR | CU12: 2 | CV12: 3.5 | CW12: 3.5 | CX12: 3.5 | CY12: =((CV12*0.3)+(CW12*0.4)+(CX12*0.3)) -> 3.5 | CZ12: =IF(CY12<3,"BAJO",IF(CY12<4,"BASICO",IF(CY12<4.5,"ALTO",IF(CY12<=5,"SUPERIOR")))) -> BASICO | DA12: 2 | DB12: 3.5 | DC12: 3.6 | DD12: 3.8 | DE12: =((DB12*0.3)+(DC12*0.4)+(DD12*0.3)) -> 3.63 | DF12: =IF(DE12<2.95,"BAJO",IF(DE12<3.95,"BASICO",IF(DE12<4.45,"ALTO",IF(DE12<=5,"SUPERIOR")))) -> BASICO | DG12: 0 | DI12: =IF(DH12<3,"BAJO",IF(DH12<4,"BASICO",IF(DH12<4.5,"ALTO",IF(DH12<=5,"SUPERIOR")))) -> BAJO | DJ12: =AVERAGE(M12,Y12,AE12,AK12,AW12,BC12,BI12,BO12,CA12,DE12,DH12,CY12,CS12,CM12,CG12,AQ12,S12) -> 4.621875 | DK12: =$DK$2 -> Comprende el concepto de números reales, su relación de orden y las propiedades de sus operaciones, así como las relaciones de semejanza y congruencia de distintas figuras geométricas. | DL12: =DL11 -> Aplica correctamente las propiedades de las operaciones de números reales y expresiones algebraicas en la resolución de problemas. | DM12: =DM11 -> Valora el uso del pensamiento lógico a la hora de plantear y resolver problemas de las matemáticas y de la vida cotidiana. | DN12: =DN11 -> Reconoce y clasifica variables aleatorias, comprendiendo sus tipos y características; además, interpreta la información presentada en tablas de frecuencias y diagramas estadísticos, explicando su significado en contextos diversos. | DO12: =DO11 -> Organiza y analiza datos mediante la construcción de tablas de frecuencias y diagramas estadísticos, identificando variables aleatorias y utilizando estas representaciones para resolver situaciones problema. | DP12: =DP11 -> Muestra disposición y responsabilidad en el manejo y análisis de datos, participando activamente en actividades individuales y colaborativas, y comunicando información estadística con claridad y sentido crítico. | DQ12: =DQ11 -> Analiza las características de la literatura prehispánica y la literatura del descubrimiento y la conquista en Colombia identificando sus elementos fundamentales y su impacto en la cultura y el lenguaje actual. | DR12: =DR11 -> Realiza comprensión lectora cuando analiza un texto desde el discurso de la Enunciación e identifica la función de cada uno de sus componentes. Responde preguntas en los tres niveles de lectura a una leyenda del Caribe. | DS12: =DS11 -> Muestra disposición para participar activamente en las clases, promoviendo el respeto por las ideas ajenas y reconociendo la importancia de la precisión como una herramienta clave para una comunicación | ... FJ12: =FJ11 -> Identifica y reconoce sus pricipales deberes y derechos dentro y fuera de la Institución educativa.
A13: 12 | B13: CONTRERAS TORRENEGRA HILLARY SOFIA | C13: 1048078819 | D13: 8°A | E13: Yenis María Duncan Ramirez | F13: Mañana | G13: PRIMERO | H13: 2026 | I13: 4 | J13: 3.8 | K13: 4 | L13: 4.2 | M13: =((J13*0.3)+(K13*0.4)+(L13*0.3)) -> 4 | N13: =IF(M13<3,"BAJO",IF(M13<4,"BASICO",IF(M13<4.5,"ALTO",IF(M13<=5,"SUPERIOR")))) -> ALTO | O13: 1 | P13: 3.5 | Q13: 3.5 | R13: 3.5 | S13: =((P13*0.3)+(Q13*0.4)+(R13*0.3)) -> 3.5 | T13: =IF(S13<3,"BAJO",IF(S13<4,"BASICO",IF(S13<4.5,"ALTO",IF(S13<=5,"SUPERIOR")))) -> BASICO | U13: 4 | V13: 3.5 | W13: 3 | X13: 3.5 | Y13: =((V13*0.3)+(W13*0.4)+(X13*0.3)) -> 3.3 | Z13: =IF(Y13<3,"BAJO",IF(Y13<4,"BASICO",IF(Y13<4.5,"ALTO",IF(Y13<=5,"SUPERIOR")))) -> BASICO | AA13: 1 | AB13: 2.4 | AC13: 2.4 | AD13: 2.4 | AE13: =((AB13*0.3)+(AC13*0.4)+(AD13*0.3)) -> 2.4 | AF13: =IF(AE13<3,"BAJO",IF(AE13<4,"BASICO",IF(AE13<4.5,"ALTO",IF(AE13<=5,"SUPERIOR")))) -> BAJO | AG13: 2 | AH13: 4 | AI13: 4.5 | AJ13: 4.5 | AK13: =((AH13*0.3)+(AI13*0.4)+(AJ13*0.3)) -> 4.35 | AL13: =IF(AK13<3,"BAJO",IF(AK13<4,"BASICO",IF(AK13<4.5,"ALTO",IF(AK13<=5,"SUPERIOR")))) -> ALTO | AM13: 1 | AN13: 4 | AO13: 4.5 | AP13: 4.5 | AQ13: =((AN13*0.3)+(AO13*0.4)+(AP13*0.3)) -> 4.35 | AR13: =IF(AQ13<3,"BAJO",IF(AQ13<4,"BASICO",IF(AQ13<4.5,"ALTO",IF(AQ13<=5,"SUPERIOR")))) -> ALTO | AS13: 4 | AT13: 3 | AU13: 3 | AV13: 3 | AW13: =((AT13*0.3)+(AU13*0.4)+(AV13*0.3)) -> 3 | AX13: =IF(AW13<3,"BAJO",IF(AW13<4,"BASICO",IF(AW13<4.5,"ALTO",IF(AW58<=5,"SUPERIOR")))) -> BASICO | AY13: 1 | AZ13: 4.5 | BA13: 4 | BB13: 4 | BC13: =((AZ13*0.3)+(BA13*0.4)+(BB13*0.3)) -> 4.15 | BD13: =IF(BC13<3,"BAJO",IF(BC13<4,"BASICO",IF(BC13<4.5,"ALTO",IF(BC13<=5,"SUPERIOR")))) -> ALTO | BE13: 2 | BF13: 3.8 | BG13: 3.5 | BH13: 4 | BI13: =((BF13*0.3)+(BG13*0.4)+(BH13*0.3)) -> 3.74 | BJ13: 3.5 | BK13: 3.8 | BL13: 4 | BM13: 3.5 | BN13: 3.8 | BO13: 4 | BP13: =IF(BO13<3,"BAJO",IF(BO13<4,"BASICO",IF(BO13<4.5,"ALTO",IF(BO13<=5,"SUPERIOR")))) -> ALTO | BQ13: 1 | BR13: 3.5 | BS13: 3.8 | BT13: 4 | BU13: =((BR13*0.3)+(BS13*0.4)+(BT13*0.3)) -> 3.77 | BV13: =IF(BU13<3,"BAJO",IF(BU13<4,"BASICO",IF(BU13<4.5,"ALTO",IF(BU13<=5,"SUPERIOR")))) -> BASICO | BW13: 1 | BX13: 3.5 | BY13: 3.8 | BZ13: 4 | CA13: =((BX13*0.3)+(BY13*0.4)+(BZ13*0.3)) -> 3.77 | CB13: =IF(CA13<3,"BAJO",IF(CA13<4,"BASICO",IF(CA13<4.5,"ALTO",IF(CA13<=5,"SUPERIOR")))) -> BASICO | CC13: 1 | CD13: 4.7 | CE13: 4.5 | CF13: 4.5 | CG13: =((CD13*0.3)+(CE13*0.4)+(CF13*0.3)) -> 4.56 | CH13: =IF(CG13<3,"BAJO",IF(CG13<4,"BASICO",IF(CG13<4.5,"ALTO",IF(CG13<=5,"SUPERIOR")))) -> SUPERIOR | CI13: 1 | CJ13: 4 | CK13: 4 | CL13: 4 | CM13: =((CJ13*0.3)+(CK13*0.4)+(CL13*0.3)) -> 4 | CN13: =IF(CM13<3,"BAJO",IF(CM13<4,"BASICO",IF(CM13<4.5,"ALTO",IF(CM13<=5,"SUPERIOR")))) -> ALTO | CO13: 1 | CP13: 5 | CQ13: 5 | CR13: 5 | CS13: =((CP13*0.3)+(CQ13*0.4)+(CR13*0.3)) -> 5 | CT13: =IF(CS13<3,"BAJO",IF(CS13<4,"BASICO",IF(CS13<4.5,"ALTO",IF(CS13<=5,"SUPERIOR")))) -> SUPERIOR | CU13: 2 | CV13: 3 | CW13: 3 | CX13: 3 | CY13: =((CV13*0.3)+(CW13*0.4)+(CX13*0.3)) -> 3 | CZ13: =IF(CY13<3,"BAJO",IF(CY13<4,"BASICO",IF(CY13<4.5,"ALTO",IF(CY13<=5,"SUPERIOR")))) -> BASICO | DA13: 2 | DB13: 3.5 | DC13: 3.5 | DD13: 3.5 | DE13: =((DB13*0.3)+(DC13*0.4)+(DD13*0.3)) -> 3.5 | DF13: =IF(DE13<2.95,"BAJO",IF(DE13<3.95,"BASICO",IF(DE13<4.45,"ALTO",IF(DE13<=5,"SUPERIOR")))) -> BASICO | DG13: 0 | DI13: =IF(DH13<3,"BAJO",IF(DH13<4,"BASICO",IF(DH13<4.5,"ALTO",IF(DH13<=5,"SUPERIOR")))) -> BAJO | DJ13: =AVERAGE(M13,Y13,AE13,AK13,AW13,BC13,BI13,BO13,CA13,DE13,DH13,CY13,CS13,CM13,CG13,AQ13,S13) -> 3.78875 | DK13: =$DK$2 -> Comprende el concepto de números reales, su relación de orden y las propiedades de sus operaciones, así como las relaciones de semejanza y congruencia de distintas figuras geométricas. | DL13: =DL12 -> Aplica correctamente las propiedades de las operaciones de números reales y expresiones algebraicas en la resolución de problemas. | DM13: =DM12 -> Valora el uso del pensamiento lógico a la hora de plantear y resolver problemas de las matemáticas y de la vida cotidiana. | DN13: =DN12 -> Reconoce y clasifica variables aleatorias, comprendiendo sus tipos y características; además, interpreta la información presentada en tablas de frecuencias y diagramas estadísticos, explicando su significado en contextos diversos. | DO13: =DO12 -> Organiza y analiza datos mediante la construcción de tablas de frecuencias y diagramas estadísticos, identificando variables aleatorias y utilizando estas representaciones para resolver situaciones problema. | DP13: =DP12 -> Muestra disposición y responsabilidad en el manejo y análisis de datos, participando activamente en actividades individuales y colaborativas, y comunicando información estadística con claridad y sentido crítico. | DQ13: =DQ12 -> Analiza las características de la literatura prehispánica y la literatura del descubrimiento y la conquista en Colombia identificando sus elementos fundamentales y su impacto en la cultura y el lenguaje actual. | DR13: =DR12 -> Realiza comprensión lectora cuando analiza un texto desde el discurso de la Enunciación e identifica la función de cada uno de sus componentes. Responde preguntas en los tres niveles de lectura a una leyenda del Caribe. | DS13: =DS12 -> Muestra disposición para participar activamente en las clases, promoviendo el respeto por las ideas ajenas y reconociendo la importancia de la precisión como una herramienta clave para una comunicación | ... FJ13: =FJ12 -> Identifica y reconoce sus pricipales deberes y derechos dentro y fuera de la Institución educativa.
A14: 13 | B14: CONTRERAS VANEGAS JOSHUAT AARAN | C14: 1043689986 | D14: 8°A | E14: Yenis María Duncan Ramirez | F14: Mañana | G14: PRIMERO | H14: 2026 | I14: 4 | J14: 3 | K14: 3.2 | L14: 3.4 | M14: =((J14*0.3)+(K14*0.4)+(L14*0.3)) -> 3.2 | N14: =IF(M14<3,"BAJO",IF(M14<4,"BASICO",IF(M14<4.5,"ALTO",IF(M14<=5,"SUPERIOR")))) -> BASICO | O14: 1 | P14: 1.8 | Q14: 1.8 | R14: 1.8 | S14: =((P14*0.3)+(Q14*0.4)+(R14*0.3)) -> 1.8 | T14: =IF(S14<3,"BAJO",IF(S14<4,"BASICO",IF(S14<4.5,"ALTO",IF(S14<=5,"SUPERIOR")))) -> BAJO | U14: 4 | V14: 3.7 | W14: 3.9 | X14: 3.8 | Y14: =((V14*0.3)+(W14*0.4)+(X14*0.3)) -> 3.81 | Z14: =IF(Y14<3,"BAJO",IF(Y14<4,"BASICO",IF(Y14<4.5,"ALTO",IF(Y14<=5,"SUPERIOR")))) -> BASICO | AA14: 1 | AB14: 4 | AC14: 4 | AD14: 4 | AE14: =((AB14*0.3)+(AC14*0.4)+(AD14*0.3)) -> 4 | AF14: =IF(AE14<3,"BAJO",IF(AE14<4,"BASICO",IF(AE14<4.5,"ALTO",IF(AE14<=5,"SUPERIOR")))) -> ALTO | AG14: 2 | AH14: 3.5 | AI14: 3.5 | AJ14: 3.5 | AK14: =((AH14*0.3)+(AI14*0.4)+(AJ14*0.3)) -> 3.5 | AL14: =IF(AK14<3,"BAJO",IF(AK14<4,"BASICO",IF(AK14<4.5,"ALTO",IF(AK14<=5,"SUPERIOR")))) -> BASICO | AM14: 1 | AN14: 3.5 | AO14: 3.5 | AP14: 3.5 | AQ14: =((AN14*0.3)+(AO14*0.4)+(AP14*0.3)) -> 3.5 | AR14: =IF(AQ14<3,"BAJO",IF(AQ14<4,"BASICO",IF(AQ14<4.5,"ALTO",IF(AQ14<=5,"SUPERIOR")))) -> BASICO | AS14: 4 | AT14: 2.5 | AU14: 2.5 | AV14: 2.5 | AW14: =((AT14*0.3)+(AU14*0.4)+(AV14*0.3)) -> 2.5 | AX14: =IF(AW14<3,"BAJO",IF(AW14<4,"BASICO",IF(AW14<4.5,"ALTO",IF(AW59<=5,"SUPERIOR")))) -> BAJO | AY14: 1 | AZ14: 3.8 | BA14: 4 | BB14: 3.8 | BC14: =((AZ14*0.3)+(BA14*0.4)+(BB14*0.3)) -> 3.88 | BD14: =IF(BC14<3,"BAJO",IF(BC14<4,"BASICO",IF(BC14<4.5,"ALTO",IF(BC14<=5,"SUPERIOR")))) -> BASICO | BE14: 2 | BF14: 3.3 | BG14: 3.5 | BH14: 3.8 | BI14: =((BF14*0.3)+(BG14*0.4)+(BH14*0.3)) -> 3.53 | BJ14: =IF(BI14<3,"BAJO",IF(BI14<4,"BASICO",IF(BI14<4.5,"ALTO",IF(BI14<=5,"SUPERIOR")))) -> BASICO | BK14: 1 | BL14: 3.5 | BM14: 3.8 | BN14: 3.6 | BO14: =((BL14*0.3)+(BM14*0.4)+(BN14*0.3)) -> 3.65 | BP14: =IF(BO14<3,"BAJO",IF(BO14<4,"BASICO",IF(BO14<4.5,"ALTO",IF(BO14<=5,"SUPERIOR")))) -> BASICO | BQ14: 1 | BR14: 3.4 | BS14: 3.6 | BT14: 3.8 | BU14: =((BR14*0.3)+(BS14*0.4)+(BT14*0.3)) -> 3.6 | BV14: =IF(BU14<3,"BAJO",IF(BU14<4,"BASICO",IF(BU14<4.5,"ALTO",IF(BU14<=5,"SUPERIOR")))) -> BASICO | BW14: 1 | BX14: 3.5 | BY14: 3.7 | BZ14: 3.6 | CA14: =((BX14*0.3)+(BY14*0.4)+(BZ14*0.3)) -> 3.61 | CB14: =IF(CA14<3,"BAJO",IF(CA14<4,"BASICO",IF(CA14<4.5,"ALTO",IF(CA14<=5,"SUPERIOR")))) -> BASICO | CC14: 1 | CD14: 3.7 | CE14: 3.5 | CF14: 3.5 | CG14: =((CD14*0.3)+(CE14*0.4)+(CF14*0.3)) -> 3.56 | CH14: =IF(CG14<3,"BAJO",IF(CG14<4,"BASICO",IF(CG14<4.5,"ALTO",IF(CG14<=5,"SUPERIOR")))) -> BASICO | CI14: 1 | CJ14: 4 | CK14: 4 | CL14: 4 | CM14: =((CJ14*0.3)+(CK14*0.4)+(CL14*0.3)) -> 4 | CN14: =IF(CM14<3,"BAJO",IF(CM14<4,"BASICO",IF(CM14<4.5,"ALTO",IF(CM14<=5,"SUPERIOR")))) -> ALTO | CO14: 1 | CP14: 5 | CQ14: 5 | CR14: 5 | CS14: =((CP14*0.3)+(CQ14*0.4)+(CR14*0.3)) -> 5 | CT14: =IF(CS14<3,"BAJO",IF(CS14<4,"BASICO",IF(CS14<4.5,"ALTO",IF(CS14<=5,"SUPERIOR")))) -> SUPERIOR | CU14: 2 | CV14: 2 | CW14: 2 | CX14: 2 | CY14: =((CV14*0.3)+(CW14*0.4)+(CX14*0.3)) -> 2 | CZ14: =IF(CY14<3,"BAJO",IF(CY14<4,"BASICO",IF(CY14<4.5,"ALTO",IF(CY14<=5,"SUPERIOR")))) -> BAJO | DA14: 2 | DB14: 3.5 | DC14: 3 | DD14: 3 | DE14: =((DB14*0.3)+(DC14*0.4)+(DD14*0.3)) -> 3.15 | DF14: =IF(DE14<2.95,"BAJO",IF(DE14<3.95,"BASICO",IF(DE14<4.45,"ALTO",IF(DE14<=5,"SUPERIOR")))) -> BASICO | DG14: 0 | DI14: =IF(DH14<3,"BAJO",IF(DH14<4,"BASICO",IF(DH14<4.5,"ALTO",IF(DH14<=5,"SUPERIOR")))) -> BAJO | DJ14: =AVERAGE(M14,Y14,AE14,AK14,AW14,BC14,BI14,BO14,CA14,DE14,DH14,CY14,CS14,CM14,CG14,AQ14,S14) -> 3.418125 | DK14: =$DK$2 -> Comprende el concepto de números reales, su relación de orden y las propiedades de sus operaciones, así como las relaciones de semejanza y congruencia de distintas figuras geométricas. | DL14: =DL13 -> Aplica correctamente las propiedades de las operaciones de números reales y expresiones algebraicas en la resolución de problemas. | DM14: =DM13 -> Valora el uso del pensamiento lógico a la hora de plantear y resolver problemas de las matemáticas y de la vida cotidiana. | DN14: =DN13 -> Reconoce y clasifica variables aleatorias, comprendiendo sus tipos y características; además, interpreta la información presentada en tablas de frecuencias y diagramas estadísticos, explicando su significado en contextos diversos. | DO14: =DO13 -> Organiza y analiza datos mediante la construcción de tablas de frecuencias y diagramas estadísticos, identificando variables aleatorias y utilizando estas representaciones para resolver situaciones problema. | DP14: =DP13 -> Muestra disposición y responsabilidad en el manejo y análisis de datos, participando activamente en actividades individuales y colaborativas, y comunicando información estadística con claridad y sentido crítico. | DQ14: =DQ13 -> Analiza las características de la literatura prehispánica y la literatura del descubrimiento y la conquista en Colombia identificando sus elementos fundamentales y su impacto en la cultura y el lenguaje actual. | DR14: =DR13 -> Realiza comprensión lectora cuando analiza un texto desde el discurso de la Enunciación e identifica la función de cada uno de sus componentes. Responde preguntas en los tres niveles de lectura a una leyenda del Caribe. | DS14: =DS13 -> Muestra disposición para participar activamente en las clases, promoviendo el respeto por las ideas ajenas y reconociendo la importancia de la precisión como una herramienta clave para una comunicación | ... FJ14: =FJ13 -> Identifica y reconoce sus pricipales deberes y derechos dentro y fuera de la Institución educativa.
A15: 14 | B15: DE VEGA REYES KEILER DAVID | C15: 1047359186 | D15: 8°A | E15: Yenis María Duncan Ramirez | F15: Mañana | G15: PRIMERO | H15: 2026 | I15: 4 | J15: 3 | K15: 3 | L15: 3 | M15: =((J15*0.3)+(K15*0.4)+(L15*0.3)) -> 3 | N15: =IF(M15<3,"BAJO",IF(M15<4,"BASICO",IF(M15<4.5,"ALTO",IF(M15<=5,"SUPERIOR")))) -> BASICO | O15: 1 | P15: 3.1 | Q15: 3.1 | R15: 3.1 | S15: =((P15*0.3)+(Q15*0.4)+(R15*0.3)) -> 3.1 | T15: =IF(S15<3,"BAJO",IF(S15<4,"BASICO",IF(S15<4.5,"ALTO",IF(S15<=5,"SUPERIOR")))) -> BASICO | U15: 4 | V15: 4 | W15: 4 | X15: 4 | Y15: =((V15*0.3)+(W15*0.4)+(X15*0.3)) -> 4 | Z15: =IF(Y15<3,"BAJO",IF(Y15<4,"BASICO",IF(Y15<4.5,"ALTO",IF(Y15<=5,"SUPERIOR")))) -> ALTO | AA15: 1 | AB15: 3.2 | AC15: 3.2 | AD15: 3.2 | AE15: =((AB15*0.3)+(AC15*0.4)+(AD15*0.3)) -> 3.2 | AF15: =IF(AE15<3,"BAJO",IF(AE15<4,"BASICO",IF(AE15<4.5,"ALTO",IF(AE15<=5,"SUPERIOR")))) -> BASICO | AG15: 2 | AH15: 4 | AI15: 4 | AJ15: 4 | AK15: =((AH15*0.3)+(AI15*0.4)+(AJ15*0.3)) -> 4 | AL15: =IF(AK15<3,"BAJO",IF(AK15<4,"BASICO",IF(AK15<4.5,"ALTO",IF(AK15<=5,"SUPERIOR")))) -> ALTO | AM15: 1 | AN15: 4 | AO15: 4 | AP15: 4 | AQ15: =((AN15*0.3)+(AO15*0.4)+(AP15*0.3)) -> 4 | AR15: =IF(AQ15<3,"BAJO",IF(AQ15<4,"BASICO",IF(AQ15<4.5,"ALTO",IF(AQ15<=5,"SUPERIOR")))) -> ALTO | AS15: 4 | AT15: 3 | AU15: 3 | AV15: 3 | AW15: =((AT15*0.3)+(AU15*0.4)+(AV15*0.3)) -> 3 | AX15: =IF(AW15<3,"BAJO",IF(AW15<4,"BASICO",IF(AW15<4.5,"ALTO",IF(AW60<=5,"SUPERIOR")))) -> BASICO | AY15: 1 | AZ15: 5 | BA15: 5 | BB15: 5 | BC15: =((AZ15*0.3)+(BA15*0.4)+(BB15*0.3)) -> 5 | BD15: =IF(BC15<3,"BAJO",IF(BC15<4,"BASICO",IF(BC15<4.5,"ALTO",IF(BC15<=5,"SUPERIOR")))) -> SUPERIOR | BE15: 2 | BF15: 3.8 | BG15: 3.5 | BH15: 3.8 | BI15: =((BF15*0.3)+(BG15*0.4)+(BH15*0.3)) -> 3.68 | BJ15: =IF(BI15<3,"BAJO",IF(BI15<4,"BASICO",IF(BI15<4.5,"ALTO",IF(BI15<=5,"SUPERIOR")))) -> BASICO | BK15: 1 | BL15: 3.8 | BM15: 3.5 | BN15: 4 | BO15: =((BL15*0.3)+(BM15*0.4)+(BN15*0.3)) -> 3.74 | BP15: =IF(BO15<3,"BAJO",IF(BO15<4,"BASICO",IF(BO15<4.5,"ALTO",IF(BO15<=5,"SUPERIOR")))) -> BASICO | BQ15: 1 | BR15: 3.5 | BS15: 3.8 | BT15: 4 | BU15: =((BR15*0.3)+(BS15*0.4)+(BT15*0.3)) -> 3.77 | BV15: =IF(BU15<3,"BAJO",IF(BU15<4,"BASICO",IF(BU15<4.5,"ALTO",IF(BU15<=5,"SUPERIOR")))) -> BASICO | BW15: 1 | BX15: 3.6 | BY15: 3.8 | BZ15: 4 | CA15: =((BX15*0.3)+(BY15*0.4)+(BZ15*0.3)) -> 3.8 | CB15: =IF(CA15<3,"BAJO",IF(CA15<4,"BASICO",IF(CA15<4.5,"ALTO",IF(CA15<=5,"SUPERIOR")))) -> BASICO | CC15: 1 | CD15: 3.5 | CE15: 3.5 | CF15: 3.5 | CG15: =((CD15*0.3)+(CE15*0.4)+(CF15*0.3)) -> 3.5 | CH15: =IF(CG15<3,"BAJO",IF(CG15<4,"BASICO",IF(CG15<4.5,"ALTO",IF(CG15<=5,"SUPERIOR")))) -> BASICO | CI15: 1 | CJ15: 4.5 | CK15: 4.5 | CL15: 4.5 | CM15: =((CJ15*0.3)+(CK15*0.4)+(CL15*0.3)) -> 4.5 | CN15: =IF(CM15<3,"BAJO",IF(CM15<4,"BASICO",IF(CM15<4.5,"ALTO",IF(CM15<=5,"SUPERIOR")))) -> SUPERIOR | CO15: 1 | CP15: 5 | CQ15: 5 | CR15: 5 | CS15: =((CP15*0.3)+(CQ15*0.4)+(CR15*0.3)) -> 5 | CT15: =IF(CS15<3,"BAJO",IF(CS15<4,"BASICO",IF(CS15<4.5,"ALTO",IF(CS15<=5,"SUPERIOR")))) -> SUPERIOR | CU15: 2 | CV15: 3 | CW15: 3 | CX15: 3 | CY15: =((CV15*0.3)+(CW15*0.4)+(CX15*0.3)) -> 3 | CZ15: =IF(CY15<3,"BAJO",IF(CY15<4,"BASICO",IF(CY15<4.5,"ALTO",IF(CY15<=5,"SUPERIOR")))) -> BASICO | DA15: 2 | DB15: 3.5 | DC15: 3.5 | DD15: 3.5 | DE15: =((DB15*0.3)+(DC15*0.4)+(DD15*0.3)) -> 3.5 | DF15: =IF(DE15<2.95,"BAJO",IF(DE15<3.95,"BASICO",IF(DE15<4.45,"ALTO",IF(DE15<=5,"SUPERIOR")))) -> BASICO | DG15: 0 | DI15: =IF(DH15<3,"BAJO",IF(DH15<4,"BASICO",IF(DH15<4.5,"ALTO",IF(DH15<=5,"SUPERIOR")))) -> BAJO | DJ15: =AVERAGE(M15,Y15,AE15,AK15,AW15,BC15,BI15,BO15,CA15,DE15,DH15,CY15,CS15,CM15,CG15,AQ15,S15) -> 3.75125 | DK15: =$DK$2 -> Comprende el concepto de números reales, su relación de orden y las propiedades de sus operaciones, así como las relaciones de semejanza y congruencia de distintas figuras geométricas. | DL15: =DL14 -> Aplica correctamente las propiedades de las operaciones de números reales y expresiones algebraicas en la resolución de problemas. | DM15: =DM14 -> Valora el uso del pensamiento lógico a la hora de plantear y resolver problemas de las matemáticas y de la vida cotidiana. | DN15: =DN14 -> Reconoce y clasifica variables aleatorias, comprendiendo sus tipos y características; además, interpreta la información presentada en tablas de frecuencias y diagramas estadísticos, explicando su significado en contextos diversos. | DO15: =DO14 -> Organiza y analiza datos mediante la construcción de tablas de frecuencias y diagramas estadísticos, identificando variables aleatorias y utilizando estas representaciones para resolver situaciones problema. | DP15: =DP14 -> Muestra disposición y responsabilidad en el manejo y análisis de datos, participando activamente en actividades individuales y colaborativas, y comunicando información estadística con claridad y sentido crítico. | DQ15: =DQ14 -> Analiza las características de la literatura prehispánica y la literatura del descubrimiento y la conquista en Colombia identificando sus elementos fundamentales y su impacto en la cultura y el lenguaje actual. | DR15: =DR14 -> Realiza comprensión lectora cuando analiza un texto desde el discurso de la Enunciación e identifica la función de cada uno de sus componentes. Responde preguntas en los tres niveles de lectura a una leyenda del Caribe. | DS15: =DS14 -> Muestra disposición para participar activamente en las clases, promoviendo el respeto por las ideas ajenas y reconociendo la importancia de la precisión como una herramienta clave para una comunicación | ... FJ15: =FJ14 -> Identifica y reconoce sus pricipales deberes y derechos dentro y fuera de la Institución educativa.
A16: 15 | B16: DEL VALLE SANTIAGO KRYZ ANGELY | C16: 1044642866 | D16: 8°A | E16: Yenis María Duncan Ramirez | F16: Mañana | G16: PRIMERO | H16: 2026 | I16: 4 | J16: 3 | K16: 3.5 | L16: 4 | M16: =((J16*0.3)+(K16*0.4)+(L16*0.3)) -> 3.5 | N16: =IF(M16<3,"BAJO",IF(M16<4,"BASICO",IF(M16<4.5,"ALTO",IF(M16<=5,"SUPERIOR")))) -> BASICO | O16: 1 | P16: 3.7 | Q16: 3.7 | R16: 3.7 | S16: =((P16*0.3)+(Q16*0.4)+(R16*0.3)) -> 3.7 | T16: =IF(S16<3,"BAJO",IF(S16<4,"BASICO",IF(S16<4.5,"ALTO",IF(S16<=5,"SUPERIOR")))) -> BASICO | U16: 4 | V16: 4 | W16: 4 | X16: 4 | Y16: =((V16*0.3)+(W16*0.4)+(X16*0.3)) -> 4 | Z16: =IF(Y16<3,"BAJO",IF(Y16<4,"BASICO",IF(Y16<4.5,"ALTO",IF(Y16<=5,"SUPERIOR")))) -> ALTO | AA16: 1 | AB16: 3.4 | AC16: 3.4 | AD16: 3.4 | AE16: =((AB16*0.3)+(AC16*0.4)+(AD16*0.3)) -> 3.4 | AF16: =IF(AE16<3,"BAJO",IF(AE16<4,"BASICO",IF(AE16<4.5,"ALTO",IF(AE16<=5,"SUPERIOR")))) -> BASICO | AG16: 2 | AH16: 3.8 | AI16: 3.8 | AJ16: 3.8 | AK16: =((AH16*0.3)+(AI16*0.4)+(AJ16*0.3)) -> 3.8 | AL16: =IF(AK16<3,"BAJO",IF(AK16<4,"BASICO",IF(AK16<4.5,"ALTO",IF(AK16<=5,"SUPERIOR")))) -> BASICO | AM16: 1 | AN16: 3.8 | AO16: 3.8 | AP16: 3.8 | AQ16: =((AN16*0.3)+(AO16*0.4)+(AP16*0.3)) -> 3.8 | AR16: =IF(AQ16<3,"BAJO",IF(AQ16<4,"BASICO",IF(AQ16<4.5,"ALTO",IF(AQ16<=5,"SUPERIOR")))) -> BASICO | AS16: 4 | AT16: 3.6 | AU16: 3.6 | AV16: 3.6 | AW16: =((AT16*0.3)+(AU16*0.4)+(AV16*0.3)) -> 3.6 | AX16: =IF(AW16<3,"BAJO",IF(AW16<4,"BASICO",IF(AW16<4.5,"ALTO",IF(AW61<=5,"SUPERIOR")))) -> BASICO | AY16: 1 | AZ16: 5 | BA16: 5 | BB16: 5 | BC16: =((AZ16*0.3)+(BA16*0.4)+(BB16*0.3)) -> 5 | BD16: =IF(BC16<3,"BAJO",IF(BC16<4,"BASICO",IF(BC16<4.5,"ALTO",IF(BC16<=5,"SUPERIOR")))) -> SUPERIOR | BE16: 2 | BF16: 3.5 | BG16: 3.8 | BH16: 4 | BI16: =((BF16*0.3)+(BG16*0.4)+(BH16*0.3)) -> 3.77 | BJ16: =IF(BI16<3,"BAJO",IF(BI16<4,"BASICO",IF(BI16<4.5,"ALTO",IF(BI16<=5,"SUPERIOR")))) -> BASICO | BK16: 1 | BL16: 3.3 | BM16: 3.5 | BN16: 3.8 | BO16: =((BL16*0.3)+(BM16*0.4)+(BN16*0.3)) -> 3.53 | BP16: =IF(BO16<3,"BAJO",IF(BO16<4,"BASICO",IF(BO16<4.5,"ALTO",IF(BO16<=5,"SUPERIOR")))) -> BASICO | BQ16: 1 | BR16: 3.5 | BS16: 3.8 | BT16: 4 | BU16: =((BR16*0.3)+(BS16*0.4)+(BT16*0.3)) -> 3.77 | BV16: =IF(BU16<3,"BAJO",IF(BU16<4,"BASICO",IF(BU16<4.5,"ALTO",IF(BU16<=5,"SUPERIOR")))) -> BASICO | BW16: 1 | BX16: 3.3 | BY16: 3.7 | BZ16: 3.8 | CA16: =((BX16*0.3)+(BY16*0.4)+(BZ16*0.3)) -> 3.61 | CB16: =IF(CA16<3,"BAJO",IF(CA16<4,"BASICO",IF(CA16<4.5,"ALTO",IF(CA16<=5,"SUPERIOR")))) -> BASICO | CC16: 1 | CD16: 4.2 | CE16: 4 | CF16: 4 | CG16: =((CD16*0.3)+(CE16*0.4)+(CF16*0.3)) -> 4.06 | CH16: =IF(CG16<3,"BAJO",IF(CG16<4,"BASICO",IF(CG16<4.5,"ALTO",IF(CG16<=5,"SUPERIOR")))) -> ALTO | CI16: 1 | CJ16: 4.4 | CK16: 4.4 | CL16: 4.4 | CM16: =((CJ16*0.3)+(CK16*0.4)+(CL16*0.3)) -> 4.4 | CN16: =IF(CM16<3,"BAJO",IF(CM16<4,"BASICO",IF(CM16<4.5,"ALTO",IF(CM16<=5,"SUPERIOR")))) -> ALTO | CO16: 1 | CP16: 3.8 | CQ16: 3.8 | CR16: 3.8 | CS16: =((CP16*0.3)+(CQ16*0.4)+(CR16*0.3)) -> 3.8 | CT16: =IF(CS16<3,"BAJO",IF(CS16<4,"BASICO",IF(CS16<4.5,"ALTO",IF(CS16<=5,"SUPERIOR")))) -> BASICO | CU16: 2 | CV16: 3 | CW16: 3 | CX16: 3 | CY16: =((CV16*0.3)+(CW16*0.4)+(CX16*0.3)) -> 3 | CZ16: =IF(CY16<3,"BAJO",IF(CY16<4,"BASICO",IF(CY16<4.5,"ALTO",IF(CY16<=5,"SUPERIOR")))) -> BASICO | DA16: 2 | DB16: 3.5 | DC16: 3.5 | DD16: 4 | DE16: =((DB16*0.3)+(DC16*0.4)+(DD16*0.3)) -> 3.65 | DF16: =IF(DE16<2.95,"BAJO",IF(DE16<3.95,"BASICO",IF(DE16<4.45,"ALTO",IF(DE16<=5,"SUPERIOR")))) -> BASICO | DG16: 0 | DI16: =IF(DH16<3,"BAJO",IF(DH16<4,"BASICO",IF(DH16<4.5,"ALTO",IF(DH16<=5,"SUPERIOR")))) -> BAJO | DJ16: =AVERAGE(M16,Y16,AE16,AK16,AW16,BC16,BI16,BO16,CA16,DE16,DH16,CY16,CS16,CM16,CG16,AQ16,S16) -> 3.78875 | DK16: =$DK$2 -> Comprende el concepto de números reales, su relación de orden y las propiedades de sus operaciones, así como las relaciones de semejanza y congruencia de distintas figuras geométricas. | DL16: =DL15 -> Aplica correctamente las propiedades de las operaciones de números reales y expresiones algebraicas en la resolución de problemas. | DM16: =DM15 -> Valora el uso del pensamiento lógico a la hora de plantear y resolver problemas de las matemáticas y de la vida cotidiana. | DN16: =DN15 -> Reconoce y clasifica variables aleatorias, comprendiendo sus tipos y características; además, interpreta la información presentada en tablas de frecuencias y diagramas estadísticos, explicando su significado en contextos diversos. | DO16: =DO15 -> Organiza y analiza datos mediante la construcción de tablas de frecuencias y diagramas estadísticos, identificando variables aleatorias y utilizando estas representaciones para resolver situaciones problema. | DP16: =DP15 -> Muestra disposición y responsabilidad en el manejo y análisis de datos, participando activamente en actividades individuales y colaborativas, y comunicando información estadística con claridad y sentido crítico. | DQ16: =DQ15 -> Analiza las características de la literatura prehispánica y la literatura del descubrimiento y la conquista en Colombia identificando sus elementos fundamentales y su impacto en la cultura y el lenguaje actual. | DR16: =DR15 -> Realiza comprensión lectora cuando analiza un texto desde el discurso de la Enunciación e identifica la función de cada uno de sus componentes. Responde preguntas en los tres niveles de lectura a una leyenda del Caribe. | DS16: =DS15 -> Muestra disposición para participar activamente en las clases, promoviendo el respeto por las ideas ajenas y reconociendo la importancia de la precisión como una herramienta clave para una comunicación | ... FJ16: =FJ15 -> Identifica y reconoce sus pricipales deberes y derechos dentro y fuera de la Institución educativa.
A17: 16 | B17: DUNCAN ORTIZ MADELYN | C17: 1044649891 | D17: 8°A | E17: Yenis María Duncan Ramirez | F17: Mañana | G17: PRIMERO | H17: 2026 | I17: 4 | J17: 4 | K17: 4 | L17: 4 | M17: =((J17*0.3)+(K17*0.4)+(L17*0.3)) -> 4 | N17: =IF(M17<3,"BAJO",IF(M17<4,"BASICO",IF(M17<4.5,"ALTO",IF(M17<=5,"SUPERIOR")))) -> ALTO | O17: 1 | P17: 4.5 | Q17: 4.5 | R17: 4.5 | S17: =((P17*0.3)+(Q17*0.4)+(R17*0.3)) -> 4.5 | T17: =IF(S17<3,"BAJO",IF(S17<4,"BASICO",IF(S17<4.5,"ALTO",IF(S17<=5,"SUPERIOR")))) -> SUPERIOR | U17: 4 | V17: 5 | W17: 5 | X17: 5 | Y17: =((V17*0.3)+(W17*0.4)+(X17*0.3)) -> 5 | Z17: =IF(Y17<3,"BAJO",IF(Y17<4,"BASICO",IF(Y17<4.5,"ALTO",IF(Y17<=5,"SUPERIOR")))) -> SUPERIOR | AA17: 1 | AB17: 3.6 | AC17: 3.6 | AD17: 3.6 | AE17: =((AB17*0.3)+(AC17*0.4)+(AD17*0.3)) -> 3.6 | AF17: =IF(AE17<3,"BAJO",IF(AE17<4,"BASICO",IF(AE17<4.5,"ALTO",IF(AE17<=5,"SUPERIOR")))) -> BASICO | AG17: 2 | AH17: 4.8 | AI17: 4.8 | AJ17: 4.8 | AK17: =((AH17*0.3)+(AI17*0.4)+(AJ17*0.3)) -> 4.8 | AL17: =IF(AK17<3,"BAJO",IF(AK17<4,"BASICO",IF(AK17<4.5,"ALTO",IF(AK17<=5,"SUPERIOR")))) -> SUPERIOR | AM17: 1 | AN17: 4.8 | AO17: 4.8 | AP17: 4.8 | AQ17: =((AN17*0.3)+(AO17*0.4)+(AP17*0.3)) -> 4.8 | AR17: =IF(AQ17<3,"BAJO",IF(AQ17<4,"BASICO",IF(AQ17<4.5,"ALTO",IF(AQ17<=5,"SUPERIOR")))) -> SUPERIOR | AS17: 4 | AT17: 3.8 | AU17: 3.8 | AV17: 3.8 | AW17: =((AT17*0.3)+(AU17*0.4)+(AV17*0.3)) -> 3.8 | AX17: =IF(AW17<3,"BAJO",IF(AW17<4,"BASICO",IF(AW17<4.5,"ALTO",IF(AW61<=5,"SUPERIOR")))) -> BASICO | AY17: 1 | AZ17: 5 | BA17: 5 | BB17: 5 | BC17: =((AZ17*0.3)+(BA17*0.4)+(BB17*0.3)) -> 5 | BD17: =IF(BC17<3,"BAJO",IF(BC17<4,"BASICO",IF(BC17<4.5,"ALTO",IF(BC17<=5,"SUPERIOR")))) -> SUPERIOR | BE17: 2 | BF17: 4 | BG17: 4.5 | BH17: 4 | BI17: =((BF17*0.3)+(BG17*0.4)+(BH17*0.3)) -> 4.2 | BJ17: =IF(BI17<3,"BAJO",IF(BI17<4,"BASICO",IF(BI17<4.5,"ALTO",IF(BI17<=5,"SUPERIOR")))) -> ALTO | BK17: 1 | BL17: 4.5 | BM17: 4.4 | BN17: 4 | BO17: =((BL17*0.3)+(BM17*0.4)+(BN17*0.3)) -> 4.31 | BP17: =IF(BO17<3,"BAJO",IF(BO17<4,"BASICO",IF(BO17<4.5,"ALTO",IF(BO17<=5,"SUPERIOR")))) -> ALTO | BQ17: 1 | BR17: 4 | BS17: 4.5 | BT17: 4.5 | BU17: =((BR17*0.3)+(BS17*0.4)+(BT17*0.3)) -> 4.35 | BV17: =IF(BU17<3,"BAJO",IF(BU17<4,"BASICO",IF(BU17<4.5,"ALTO",IF(BU17<=5,"SUPERIOR")))) -> ALTO | BW17: 1 | BX17: 4 | BY17: 4.5 | BZ17: 4.3 | CA17: =((BX17*0.3)+(BY17*0.4)+(BZ17*0.3)) -> 4.29 | CB17: =IF(CA17<3,"BAJO",IF(CA17<4,"BASICO",IF(CA17<4.5,"ALTO",IF(CA17<=5,"SUPERIOR")))) -> ALTO | CC17: 1 | CD17: 5 | CE17: 4.9 | CF17: 4.9 | CG17: =((CD17*0.3)+(CE17*0.4)+(CF17*0.3)) -> 4.93 | CH17: =IF(CG17<3,"BAJO",IF(CG17<4,"BASICO",IF(CG17<4.5,"ALTO",IF(CG17<=5,"SUPERIOR")))) -> SUPERIOR | CI17: 1 | CJ17: 4.5 | CK17: 4.5 | CL17: 4.5 | CM17: =((CJ17*0.3)+(CK17*0.4)+(CL17*0.3)) -> 4.5 | CN17: =IF(CM17<3,"BAJO",IF(CM17<4,"BASICO",IF(CM17<4.5,"ALTO",IF(CM17<=5,"SUPERIOR")))) -> SUPERIOR | CO17: 1 | CP17: 5 | CQ17: 5 | CR17: 5 | CS17: =((CP17*0.3)+(CQ17*0.4)+(CR17*0.3)) -> 5 | CT17: =IF(CS17<3,"BAJO",IF(CS17<4,"BASICO",IF(CS17<4.5,"ALTO",IF(CS17<=5,"SUPERIOR")))) -> SUPERIOR | CU17: 2 | CV17: 3.5 | CW17: 3.5 | CX17: 3.5 | CY17: =((CV17*0.3)+(CW17*0.4)+(CX17*0.3)) -> 3.5 | CZ17: =IF(CY17<3,"BAJO",IF(CY17<4,"BASICO",IF(CY17<4.5,"ALTO",IF(CY17<=5,"SUPERIOR")))) -> BASICO | DA17: 2 | DB17: 3.5 | DC17: 3.5 | DD17: 4.5 | DE17: =((DB17*0.3)+(DC17*0.4)+(DD17*0.3)) -> 3.8 | DF17: =IF(DE17<2.95,"BAJO",IF(DE17<3.95,"BASICO",IF(DE17<4.45,"ALTO",IF(DE17<=5,"SUPERIOR")))) -> BASICO | DG17: 0 | DI17: =IF(DH17<3,"BAJO",IF(DH17<4,"BASICO",IF(DH17<4.5,"ALTO",IF(DH17<=5,"SUPERIOR")))) -> BAJO | DJ17: =AVERAGE(M17,Y17,AE17,AK17,AW17,BC17,BI17,BO17,CA17,DE17,DH17,CY17,CS17,CM17,CG17,AQ17,S17) -> 4.376875 | DK17: =$DK$2 -> Comprende el concepto de números reales, su relación de orden y las propiedades de sus operaciones, así como las relaciones de semejanza y congruencia de distintas figuras geométricas. | DL17: =DL15 -> Aplica correctamente las propiedades de las operaciones de números reales y expresiones algebraicas en la resolución de problemas. | DM17: =DM15 -> Valora el uso del pensamiento lógico a la hora de plantear y resolver problemas de las matemáticas y de la vida cotidiana. | DN17: =DN15 -> Reconoce y clasifica variables aleatorias, comprendiendo sus tipos y características; además, interpreta la información presentada en tablas de frecuencias y diagramas estadísticos, explicando su significado en contextos diversos. | DO17: =DO15 -> Organiza y analiza datos mediante la construcción de tablas de frecuencias y diagramas estadísticos, identificando variables aleatorias y utilizando estas representaciones para resolver situaciones problema. | DP17: =DP15 -> Muestra disposición y responsabilidad en el manejo y análisis de datos, participando activamente en actividades individuales y colaborativas, y comunicando información estadística con claridad y sentido crítico. | DQ17: =DQ15 -> Analiza las características de la literatura prehispánica y la literatura del descubrimiento y la conquista en Colombia identificando sus elementos fundamentales y su impacto en la cultura y el lenguaje actual. | DR17: =DR15 -> Realiza comprensión lectora cuando analiza un texto desde el discurso de la Enunciación e identifica la función de cada uno de sus componentes. Responde preguntas en los tres niveles de lectura a una leyenda del Caribe. | DS17: =DS15 -> Muestra disposición para participar activamente en las clases, promoviendo el respeto por las ideas ajenas y reconociendo la importancia de la precisión como una herramienta clave para una comunicación | ... FJ17: =FJ15 -> Identifica y reconoce sus pricipales deberes y derechos dentro y fuera de la Institución educativa.
A18: 17 | B18: DUQUE VILORIA JHONATAN JANDER | C18: 1046711252 | D18: 8°A | E18: Yenis María Duncan Ramirez | F18: Mañana | G18: PRIMERO | H18: 2026 | I18: 4 | J18: 3 | K18: 3.1 | L18: 3.2 | M18: =((J18*0.3)+(K18*0.4)+(L18*0.3)) -> 3.1 | N18: =IF(M18<3,"BAJO",IF(M18<4,"BASICO",IF(M18<4.5,"ALTO",IF(M18<=5,"SUPERIOR")))) -> BASICO | O18: 1 | P18: 2.5 | Q18: 2.5 | R18: 2.5 | S18: =((P18*0.3)+(Q18*0.4)+(R18*0.3)) -> 2.5 | T18: =IF(S18<3,"BAJO",IF(S18<4,"BASICO",IF(S18<4.5,"ALTO",IF(S18<=5,"SUPERIOR")))) -> BAJO | U18: 4 | V18: 3.5 | W18: 3.5 | X18: 3.5 | Y18: =((V18*0.3)+(W18*0.4)+(X18*0.3)) -> 3.5 | Z18: =IF(Y18<3,"BAJO",IF(Y18<4,"BASICO",IF(Y18<4.5,"ALTO",IF(Y18<=5,"SUPERIOR")))) -> BASICO | AA18: 1 | AB18: 2.7 | AC18: 2.7 | AD18: 2.7 | AE18: =((AB18*0.3)+(AC18*0.4)+(AD18*0.3)) -> 2.7 | AF18: =IF(AE18<3,"BAJO",IF(AE18<4,"BASICO",IF(AE18<4.5,"ALTO",IF(AE18<=5,"SUPERIOR")))) -> BAJO | AG18: 2 | AH18: 3 | AI18: 3.5 | AJ18: 3.5 | AK18: =((AH18*0.3)+(AI18*0.4)+(AJ18*0.3)) -> 3.35 | AL18: =IF(AK18<3,"BAJO",IF(AK18<4,"BASICO",IF(AK18<4.5,"ALTO",IF(AK18<=5,"SUPERIOR")))) -> BASICO | AM18: 1 | AN18: 3 | AO18: 3.5 | AP18: 3.5 | AQ18: =((AN18*0.3)+(AO18*0.4)+(AP18*0.3)) -> 3.35 | AR18: =IF(AQ18<3,"BAJO",IF(AQ18<4,"BASICO",IF(AQ18<4.5,"ALTO",IF(AQ18<=5,"SUPERIOR")))) -> BASICO | AS18: 4 | AT18: 3.5 | AU18: 3.5 | AV18: 3.5 | AW18: =((AT18*0.3)+(AU18*0.4)+(AV18*0.3)) -> 3.5 | AX18: =IF(AW18<3,"BAJO",IF(AW18<4,"BASICO",IF(AW18<4.5,"ALTO",IF(AW62<=5,"SUPERIOR")))) -> BASICO | AY18: 1 | AZ18: 4 | BA18: 4 | BB18: 4 | BC18: =((AZ18*0.3)+(BA18*0.4)+(BB18*0.3)) -> 4 | BD18: =IF(BC18<3,"BAJO",IF(BC18<4,"BASICO",IF(BC18<4.5,"ALTO",IF(BC18<=5,"SUPERIOR")))) -> ALTO | BE18: 2 | BF18: 3.6 | BG18: 3.5 | BH18: 3.7 | BI18: =((BF18*0.3)+(BG18*0.4)+(BH18*0.3)) -> 3.59 | BJ18: =IF(BI18<3,"BAJO",IF(BI18<4,"BASICO",IF(BI18<4.5,"ALTO",IF(BI18<=5,"SUPERIOR")))) -> BASICO | BK18: 1 | BL18: 3.5 | BM18: 3.8 | BN18: 3.3 | BO18: =((BL18*0.3)+(BM18*0.4)+(BN18*0.3)) -> 3.56 | BP18: =IF(BO18<3,"BAJO",IF(BO18<4,"BASICO",IF(BO18<4.5,"ALTO",IF(BO18<=5,"SUPERIOR")))) -> BASICO | BQ18: 1 | BR18: 3.3 | BS18: 3.6 | BT18: 3.8 | BU18: =((BR18*0.3)+(BS18*0.4)+(BT18*0.3)) -> 3.57 | BV18: =IF(BU18<3,"BAJO",IF(BU18<4,"BASICO",IF(BU18<4.5,"ALTO",IF(BU18<=5,"SUPERIOR")))) -> BASICO | BW18: 1 | BX18: 2 | BY18: 2.5 | BZ18: 2.6 | CA18: =((BX18*0.3)+(BY18*0.4)+(BZ18*0.3)) -> 2.38 | CB18: =IF(CA18<3,"BAJO",IF(CA18<4,"BASICO",IF(CA18<4.5,"ALTO",IF(CA18<=5,"SUPERIOR")))) -> BAJO | CC18: 1 | CD18: 3.8 | CE18: 3.7 | CF18: 3.7 | CG18: =((CD18*0.3)+(CE18*0.4)+(CF18*0.3)) -> 3.73 | CH18: =IF(CG18<3,"BAJO",IF(CG18<4,"BASICO",IF(CG18<4.5,"ALTO",IF(CG18<=5,"SUPERIOR")))) -> BASICO | CI18: 1 | CJ18: 4 | CK18: 4 | CL18: 4 | CM18: =((CJ18*0.3)+(CK18*0.4)+(CL18*0.3)) -> 4 | CN18: =IF(CM18<3,"BAJO",IF(CM18<4,"BASICO",IF(CM18<4.5,"ALTO",IF(CM18<=5,"SUPERIOR")))) -> ALTO | CO18: 1 | CP18: 5 | CQ18: 5 | CR18: 5 | CS18: =((CP18*0.3)+(CQ18*0.4)+(CR18*0.3)) -> 5 | CT18: =IF(CS18<3,"BAJO",IF(CS18<4,"BASICO",IF(CS18<4.5,"ALTO",IF(CS18<=5,"SUPERIOR")))) -> SUPERIOR | CU18: 2 | CV18: 3 | CW18: 3 | CX18: 3 | CY18: =((CV18*0.3)+(CW18*0.4)+(CX18*0.3)) -> 3 | CZ18: =IF(CY18<3,"BAJO",IF(CY18<4,"BASICO",IF(CY18<4.5,"ALTO",IF(CY18<=5,"SUPERIOR")))) -> BASICO | DA18: 2 | DB18: 3 | DC18: 3 | DD18: 3 | DE18: =((DB18*0.3)+(DC18*0.4)+(DD18*0.3)) -> 3 | DF18: =IF(DE18<2.95,"BAJO",IF(DE18<3.95,"BASICO",IF(DE18<4.45,"ALTO",IF(DE18<=5,"SUPERIOR")))) -> BASICO | DG18: 0 | DI18: =IF(DH18<3,"BAJO",IF(DH18<4,"BASICO",IF(DH18<4.5,"ALTO",IF(DH18<=5,"SUPERIOR")))) -> BAJO | DJ18: =AVERAGE(M18,Y18,AE18,AK18,AW18,BC18,BI18,BO18,CA18,DE18,DH18,CY18,CS18,CM18,CG18,AQ18,S18) -> 3.39125 | DK18: =$DK$2 -> Comprende el concepto de números reales, su relación de orden y las propiedades de sus operaciones, así como las relaciones de semejanza y congruencia de distintas figuras geométricas. | DL18: =DL16 -> Aplica correctamente las propiedades de las operaciones de números reales y expresiones algebraicas en la resolución de problemas. | DM18: =DM16 -> Valora el uso del pensamiento lógico a la hora de plantear y resolver problemas de las matemáticas y de la vida cotidiana. | DN18: =DN16 -> Reconoce y clasifica variables aleatorias, comprendiendo sus tipos y características; además, interpreta la información presentada en tablas de frecuencias y diagramas estadísticos, explicando su significado en contextos diversos. | DO18: =DO16 -> Organiza y analiza datos mediante la construcción de tablas de frecuencias y diagramas estadísticos, identificando variables aleatorias y utilizando estas representaciones para resolver situaciones problema. | DP18: =DP16 -> Muestra disposición y responsabilidad en el manejo y análisis de datos, participando activamente en actividades individuales y colaborativas, y comunicando información estadística con claridad y sentido crítico. | DQ18: =DQ16 -> Analiza las características de la literatura prehispánica y la literatura del descubrimiento y la conquista en Colombia identificando sus elementos fundamentales y su impacto en la cultura y el lenguaje actual. | DR18: =DR16 -> Realiza comprensión lectora cuando analiza un texto desde el discurso de la Enunciación e identifica la función de cada uno de sus componentes. Responde preguntas en los tres niveles de lectura a una leyenda del Caribe. | DS18: =DS16 -> Muestra disposición para participar activamente en las clases, promoviendo el respeto por las ideas ajenas y reconociendo la importancia de la precisión como una herramienta clave para una comunicación | ... FJ18: =FJ16 -> Identifica y reconoce sus pricipales deberes y derechos dentro y fuera de la Institución educativa.
A19: 18 | B19: GARCIA JIMENEZ CAMILO ANDRES | C19: 1043688718 | D19: 8°A | E19: Yenis María Duncan Ramirez | F19: Mañana | G19: PRIMERO | H19: 2026 | I19: 4 | J19: 3.1 | K19: 3.2 | L19: 3.3 | M19: =((J19*0.3)+(K19*0.4)+(L19*0.3)) -> 3.2 | N19: =IF(M19<3,"BAJO",IF(M19<4,"BASICO",IF(M19<4.5,"ALTO",IF(M19<=5,"SUPERIOR")))) -> BASICO | O19: 1 | P19: 3.7 | Q19: 3.7 | R19: 3.7 | S19: =((P19*0.3)+(Q19*0.4)+(R19*0.3)) -> 3.7 | T19: =IF(S19<3,"BAJO",IF(S19<4,"BASICO",IF(S19<4.5,"ALTO",IF(S19<=5,"SUPERIOR")))) -> BASICO | U19: 4 | V19: 4 | W19: 4 | X19: 4 | Y19: =((V19*0.3)+(W19*0.4)+(X19*0.3)) -> 4 | Z19: =IF(Y19<3,"BAJO",IF(Y19<4,"BASICO",IF(Y19<4.5,"ALTO",IF(Y19<=5,"SUPERIOR")))) -> ALTO | AA19: 1 | AB19: 3.6 | AC19: 3.6 | AD19: 3.6 | AE19: =((AB19*0.3)+(AC19*0.4)+(AD19*0.3)) -> 3.6 | AF19: =IF(AE19<3,"BAJO",IF(AE19<4,"BASICO",IF(AE19<4.5,"ALTO",IF(AE19<=5,"SUPERIOR")))) -> BASICO | AG19: 2 | AH19: 3.5 | AI19: 3.5 | AJ19: 3.5 | AK19: =((AH19*0.3)+(AI19*0.4)+(AJ19*0.3)) -> 3.5 | AL19: =IF(AK19<3,"BAJO",IF(AK19<4,"BASICO",IF(AK19<4.5,"ALTO",IF(AK19<=5,"SUPERIOR")))) -> BASICO | AM19: 1 | AN19: 3.5 | AO19: 3.5 | AP19: 3.5 | AQ19: =((AN19*0.3)+(AO19*0.4)+(AP19*0.3)) -> 3.5 | AR19: =IF(AQ19<3,"BAJO",IF(AQ19<4,"BASICO",IF(AQ19<4.5,"ALTO",IF(AQ19<=5,"SUPERIOR")))) -> BASICO | AS19: 4 | AT19: 3.6 | AU19: 3.6 | AV19: 3.6 | AW19: =((AT19*0.3)+(AU19*0.4)+(AV19*0.3)) -> 3.6 | AX19: =IF(AW19<3,"BAJO",IF(AW19<4,"BASICO",IF(AW19<4.5,"ALTO",IF(AW63<=5,"SUPERIOR")))) -> BASICO | AY19: 1 | AZ19: 3.5 | BA19: 3.8 | BB19: 3.8 | BC19: =((AZ19*0.3)+(BA19*0.4)+(BB19*0.3)) -> 3.71 | BD19: =IF(BC19<3,"BAJO",IF(BC19<4,"BASICO",IF(BC19<4.5,"ALTO",IF(BC19<=5,"SUPERIOR")))) -> BASICO | BE19: 2 | BF19: 3.3 | BG19: 3.4 | BH19: 3.2 | BI19: =((BF19*0.3)+(BG19*0.4)+(BH19*0.3)) -> 3.31 | BJ19: =IF(BI19<3,"BAJO",IF(BI19<4,"BASICO",IF(BI19<4.5,"ALTO",IF(BI19<=5,"SUPERIOR")))) -> BASICO | BK19: 1 | BL19: 3.3 | BM19: 3.4 | BN19: 3.6 | BO19: =((BL19*0.3)+(BM19*0.4)+(BN19*0.3)) -> 3.43 | BP19: =IF(BO19<3,"BAJO",IF(BO19<4,"BASICO",IF(BO19<4.5,"ALTO",IF(BO19<=5,"SUPERIOR")))) -> BASICO | BQ19: 1 | BR19: 3.3 | BS19: 3.4 | BT19: 3.3 | BU19: =((BR19*0.3)+(BS19*0.4)+(BT19*0.3)) -> 3.34 | BV19: =IF(BU19<3,"BAJO",IF(BU19<4,"BASICO",IF(BU19<4.5,"ALTO",IF(BU19<=5,"SUPERIOR")))) -> BASICO | BW19: 1 | BX19: 3.5 | BY19: 3.4 | BZ19: 3.3 | CA19: =((BX19*0.3)+(BY19*0.4)+(BZ19*0.3)) -> 3.4 | CB19: =IF(CA19<3,"BAJO",IF(CA19<4,"BASICO",IF(CA19<4.5,"ALTO",IF(CA19<=5,"SUPERIOR")))) -> BASICO | CC19: 1 | CD19: 3.8 | CE19: 3.7 | CF19: 3.7 | CG19: =((CD19*0.3)+(CE19*0.4)+(CF19*0.3)) -> 3.73 | CH19: =IF(CG19<3,"BAJO",IF(CG19<4,"BASICO",IF(CG19<4.5,"ALTO",IF(CG19<=5,"SUPERIOR")))) -> BASICO | CI19: 1 | CJ19: 4.2 | CK19: 4.2 | CL19: 4 | CM19: =((CJ19*0.3)+(CK19*0.4)+(CL19*0.3)) -> 4.14 | CN19: =IF(CM19<3,"BAJO",IF(CM19<4,"BASICO",IF(CM19<4.5,"ALTO",IF(CM19<=5,"SUPERIOR")))) -> ALTO | CO19: 1 | CP19: 5 | CQ19: 5 | CR19: 5 | CS19: =((CP19*0.3)+(CQ19*0.4)+(CR19*0.3)) -> 5 | CT19: =IF(CS19<3,"BAJO",IF(CS19<4,"BASICO",IF(CS19<4.5,"ALTO",IF(CS19<=5,"SUPERIOR")))) -> SUPERIOR | CU19: 2 | CV19: 4.5 | CW19: 4.5 | CX19: 4.5 | CY19: =((CV19*0.3)+(CW19*0.4)+(CX19*0.3)) -> 4.5 | CZ19: =IF(CY19<3,"BAJO",IF(CY19<4,"BASICO",IF(CY19<4.5,"ALTO",IF(CY19<=5,"SUPERIOR")))) -> SUPERIOR | DA19: 2 | DB19: 4 | DC19: 4 | DD19: 4 | DE19: =((DB19*0.3)+(DC19*0.4)+(DD19*0.3)) -> 4 | DF19: =IF(DE19<2.95,"BAJO",IF(DE19<3.95,"BASICO",IF(DE19<4.45,"ALTO",IF(DE19<=5,"SUPERIOR")))) -> ALTO | DG19: 0 | DI19: =IF(DH19<3,"BAJO",IF(DH19<4,"BASICO",IF(DH19<4.5,"ALTO",IF(DH19<=5,"SUPERIOR")))) -> BAJO | DJ19: =AVERAGE(M19,Y19,AE19,AK19,AW19,BC19,BI19,BO19,CA19,DE19,DH19,CY19,CS19,CM19,CG19,AQ19,S19) -> 3.77 | DK19: =$DK$2 -> Comprende el concepto de números reales, su relación de orden y las propiedades de sus operaciones, así como las relaciones de semejanza y congruencia de distintas figuras geométricas. | DL19: =DL18 -> Aplica correctamente las propiedades de las operaciones de números reales y expresiones algebraicas en la resolución de problemas. | DM19: =DM18 -> Valora el uso del pensamiento lógico a la hora de plantear y resolver problemas de las matemáticas y de la vida cotidiana. | DN19: =DN18 -> Reconoce y clasifica variables aleatorias, comprendiendo sus tipos y características; además, interpreta la información presentada en tablas de frecuencias y diagramas estadísticos, explicando su significado en contextos diversos. | DO19: =DO18 -> Organiza y analiza datos mediante la construcción de tablas de frecuencias y diagramas estadísticos, identificando variables aleatorias y utilizando estas representaciones para resolver situaciones problema. | DP19: =DP18 -> Muestra disposición y responsabilidad en el manejo y análisis de datos, participando activamente en actividades individuales y colaborativas, y comunicando información estadística con claridad y sentido crítico. | DQ19: =DQ18 -> Analiza las características de la literatura prehispánica y la literatura del descubrimiento y la conquista en Colombia identificando sus elementos fundamentales y su impacto en la cultura y el lenguaje actual. | DR19: =DR18 -> Realiza comprensión lectora cuando analiza un texto desde el discurso de la Enunciación e identifica la función de cada uno de sus componentes. Responde preguntas en los tres niveles de lectura a una leyenda del Caribe. | DS19: =DS18 -> Muestra disposición para participar activamente en las clases, promoviendo el respeto por las ideas ajenas y reconociendo la importancia de la precisión como una herramienta clave para una comunicación | ... FJ19: =FJ18 -> Identifica y reconoce sus pricipales deberes y derechos dentro y fuera de la Institución educativa.
A20: 19 | B20: GARCIA RIVALDO MARIA JOSE | C20: 1042262808 | D20: 8°A | E20: Yenis María Duncan Ramirez | F20: Mañana | G20: PRIMERO | H20: 2026 | I20: 4 | J20: 2.4 | K20: 2.5 | L20: 2.6 | M20: =((J20*0.3)+(K20*0.4)+(L20*0.3)) -> 2.5 | N20: =IF(M20<3,"BAJO",IF(M20<4,"BASICO",IF(M20<4.5,"ALTO",IF(M20<=5,"SUPERIOR")))) -> BAJO | O20: 1 | P20: 3.1 | Q20: 3.1 | R20: 3.1 | S20: =((P20*0.3)+(Q20*0.4)+(R20*0.3)) -> 3.1 | T20: =IF(S20<3,"BAJO",IF(S20<4,"BASICO",IF(S20<4.5,"ALTO",IF(S20<=5,"SUPERIOR")))) -> BASICO | U20: 4 | V20: 3.5 | W20: 3 | X20: 3.5 | Y20: =((V20*0.3)+(W20*0.4)+(X20*0.3)) -> 3.3 | Z20: =IF(Y20<3,"BAJO",IF(Y20<4,"BASICO",IF(Y20<4.5,"ALTO",IF(Y20<=5,"SUPERIOR")))) -> BASICO | AA20: 1 | AB20: 4 | AC20: 4 | AD20: 4 | AE20: =((AB20*0.3)+(AC20*0.4)+(AD20*0.3)) -> 4 | AF20: =IF(AE20<3,"BAJO",IF(AE20<4,"BASICO",IF(AE20<4.5,"ALTO",IF(AE20<=5,"SUPERIOR")))) -> ALTO | AG20: 2 | AH20: 3 | AI20: 3 | AJ20: 3 | AK20: =((AH20*0.3)+(AI20*0.4)+(AJ20*0.3)) -> 3 | AL20: =IF(AK20<3,"BAJO",IF(AK20<4,"BASICO",IF(AK20<4.5,"ALTO",IF(AK20<=5,"SUPERIOR")))) -> BASICO | AM20: 1 | AN20: 3 | AO20: 3 | AP20: 3 | AQ20: =((AN20*0.3)+(AO20*0.4)+(AP20*0.3)) -> 3 | AR20: =IF(AQ20<3,"BAJO",IF(AQ20<4,"BASICO",IF(AQ20<4.5,"ALTO",IF(AQ20<=5,"SUPERIOR")))) -> BASICO | AS20: 4 | AT20: 3.2 | AU20: 3.2 | AV20: 3.2 | AW20: =((AT20*0.3)+(AU20*0.4)+(AV20*0.3)) -> 3.2 | AX20: =IF(AW20<3,"BAJO",IF(AW20<4,"BASICO",IF(AW20<4.5,"ALTO",IF(AW64<=5,"SUPERIOR")))) -> BASICO | AY20: 1 | AZ20: 3.8 | BA20: 3.8 | BB20: 3.8 | BC20: =((AZ20*0.3)+(BA20*0.4)+(BB20*0.3)) -> 3.8 | BD20: =IF(BC20<3,"BAJO",IF(BC20<4,"BASICO",IF(BC20<4.5,"ALTO",IF(BC20<=5,"SUPERIOR")))) -> BASICO | BE20: 2 | BF20: 3.3 | BG20: 3.2 | BH20: 3.4 | BI20: =((BF20*0.3)+(BG20*0.4)+(BH20*0.3)) -> 3.29 | BJ20: =IF(BI20<3,"BAJO",IF(BI20<4,"BASICO",IF(BI20<4.5,"ALTO",IF(BI20<=5,"SUPERIOR")))) -> BASICO | BK20: 1 | BL20: 3.3 | BM20: 3.2 | BN20: 3.5 | BO20: =((BL20*0.3)+(BM20*0.4)+(BN20*0.3)) -> 3.32 | BP20: =IF(BO20<3,"BAJO",IF(BO20<4,"BASICO",IF(BO20<4.5,"ALTO",IF(BO20<=5,"SUPERIOR")))) -> BASICO | BQ20: 1 | BR20: 3.3 | BS20: 3.4 | BT20: 3.2 | BU20: =((BR20*0.3)+(BS20*0.4)+(BT20*0.3)) -> 3.31 | BV20: =IF(BU20<3,"BAJO",IF(BU20<4,"BASICO",IF(BU20<4.5,"ALTO",IF(BU20<=5,"SUPERIOR")))) -> BASICO | BW20: 1 | BX20: 3.2 | BY20: 3.3 | BZ20: 3.6 | CA20: =((BX20*0.3)+(BY20*0.4)+(BZ20*0.3)) -> 3.36 | CB20: =IF(CA20<3,"BAJO",IF(CA20<4,"BASICO",IF(CA20<4.5,"ALTO",IF(CA20<=5,"SUPERIOR")))) -> BASICO | CC20: 1 | CD20: 3.7 | CE20: 3.5 | CF20: 3.5 | CG20: =((CD20*0.3)+(CE20*0.4)+(CF20*0.3)) -> 3.56 | CH20: =IF(CG20<3,"BAJO",IF(CG20<4,"BASICO",IF(CG20<4.5,"ALTO",IF(CG20<=5,"SUPERIOR")))) -> BASICO | CI20: 1 | CJ20: 4.5 | CK20: 4.5 | CL20: 4.4 | CM20: =((CJ20*0.3)+(CK20*0.4)+(CL20*0.3)) -> 4.47 | CN20: =IF(CM20<3,"BAJO",IF(CM20<4,"BASICO",IF(CM20<4.5,"ALTO",IF(CM20<=5,"SUPERIOR")))) -> ALTO | CO20: 1 | CP20: 5 | CQ20: 5 | CR20: 5 | CS20: =((CP20*0.3)+(CQ20*0.4)+(CR20*0.3)) -> 5 | CT20: =IF(CS20<3,"BAJO",IF(CS20<4,"BASICO",IF(CS20<4.5,"ALTO",IF(CS20<=5,"SUPERIOR")))) -> SUPERIOR | CU20: 2 | CV20: 3 | CW20: 3 | CX20: 3 | CY20: =((CV20*0.3)+(CW20*0.4)+(CX20*0.3)) -> 3 | CZ20: =IF(CY20<3,"BAJO",IF(CY20<4,"BASICO",IF(CY20<4.5,"ALTO",IF(CY20<=5,"SUPERIOR")))) -> BASICO | DA20: 2 | DB20: 3 | DC20: 3 | DD20: 3.5 | DE20: =((DB20*0.3)+(DC20*0.4)+(DD20*0.3)) -> 3.15 | DF20: =IF(DE20<2.95,"BAJO",IF(DE20<3.95,"BASICO",IF(DE20<4.45,"ALTO",IF(DE20<=5,"SUPERIOR")))) -> BASICO | DG20: 0 | DI20: =IF(DH20<3,"BAJO",IF(DH20<4,"BASICO",IF(DH20<4.5,"ALTO",IF(DH20<=5,"SUPERIOR")))) -> BAJO | DJ20: =AVERAGE(M20,Y20,AE20,AK20,AW20,BC20,BI20,BO20,CA20,DE20,DH20,CY20,CS20,CM20,CG20,AQ20,S20) -> 3.440625 | DK20: =$DK$2 -> Comprende el concepto de números reales, su relación de orden y las propiedades de sus operaciones, así como las relaciones de semejanza y congruencia de distintas figuras geométricas. | DL20: =DL19 -> Aplica correctamente las propiedades de las operaciones de números reales y expresiones algebraicas en la resolución de problemas. | DM20: =DM19 -> Valora el uso del pensamiento lógico a la hora de plantear y resolver problemas de las matemáticas y de la vida cotidiana. | DN20: =DN19 -> Reconoce y clasifica variables aleatorias, comprendiendo sus tipos y características; además, interpreta la información presentada en tablas de frecuencias y diagramas estadísticos, explicando su significado en contextos diversos. | DO20: =DO19 -> Organiza y analiza datos mediante la construcción de tablas de frecuencias y diagramas estadísticos, identificando variables aleatorias y utilizando estas representaciones para resolver situaciones problema. | DP20: =DP19 -> Muestra disposición y responsabilidad en el manejo y análisis de datos, participando activamente en actividades individuales y colaborativas, y comunicando información estadística con claridad y sentido crítico. | DQ20: =DQ19 -> Analiza las características de la literatura prehispánica y la literatura del descubrimiento y la conquista en Colombia identificando sus elementos fundamentales y su impacto en la cultura y el lenguaje actual. | DR20: =DR19 -> Realiza comprensión lectora cuando analiza un texto desde el discurso de la Enunciación e identifica la función de cada uno de sus componentes. Responde preguntas en los tres niveles de lectura a una leyenda del Caribe. | DS20: =DS19 -> Muestra disposición para participar activamente en las clases, promoviendo el respeto por las ideas ajenas y reconociendo la importancia de la precisión como una herramienta clave para una comunicación | ... FJ20: =FJ19 -> Identifica y reconoce sus pricipales deberes y derechos dentro y fuera de la Institución educativa.
A21: 20 | B21: GARCIA ROJANO CAMILA | C21: 1043688278 | D21: 8°A | E21: Yenis María Duncan Ramirez | F21: Mañana | G21: PRIMERO | H21: 2026 | I21: 4 | J21: 2.3 | K21: 2.5 | L21: 2.7 | M21: =((J21*0.3)+(K21*0.4)+(L21*0.3)) -> 2.5 | N21: =IF(M21<3,"BAJO",IF(M21<4,"BASICO",IF(M21<4.5,"ALTO",IF(M21<=5,"SUPERIOR")))) -> BAJO | O21: 1 | P21: 2.8 | Q21: 2.8 | R21: 2.8 | S21: =((P21*0.3)+(Q21*0.4)+(R21*0.3)) -> 2.8 | T21: =IF(S21<3,"BAJO",IF(S21<4,"BASICO",IF(S21<4.5,"ALTO",IF(S21<=5,"SUPERIOR")))) -> BAJO | U21: 4 | V21: 3 | W21: 2.5 | X21: 3 | Y21: =((V21*0.3)+(W21*0.4)+(X21*0.3)) -> 2.8 | Z21: =IF(Y21<3,"BAJO",IF(Y21<4,"BASICO",IF(Y21<4.5,"ALTO",IF(Y21<=5,"SUPERIOR")))) -> BAJO | AA21: 1 | AB21: 2.8 | AC21: 2.8 | AD21: 2.8 | AE21: =((AB21*0.3)+(AC21*0.4)+(AD21*0.3)) -> 2.8 | AF21: =IF(AE21<3,"BAJO",IF(AE21<4,"BASICO",IF(AE21<4.5,"ALTO",IF(AE21<=5,"SUPERIOR")))) -> BAJO | AG21: 2 | AH21: 3.5 | AI21: 3.5 | AJ21: 3.5 | AK21: =((AH21*0.3)+(AI21*0.4)+(AJ21*0.3)) -> 3.5 | AL21: =IF(AK21<3,"BAJO",IF(AK21<4,"BASICO",IF(AK21<4.5,"ALTO",IF(AK21<=5,"SUPERIOR")))) -> BASICO | AM21: 1 | AN21: 3.5 | AO21: 3.5 | AP21: 3.5 | AQ21: =((AN21*0.3)+(AO21*0.4)+(AP21*0.3)) -> 3.5 | AR21: =IF(AQ21<3,"BAJO",IF(AQ21<4,"BASICO",IF(AQ21<4.5,"ALTO",IF(AQ21<=5,"SUPERIOR")))) -> BASICO | AS21: 4 | AT21: 2.5 | AU21: 2.5 | AV21: 2.5 | AW21: =((AT21*0.3)+(AU21*0.4)+(AV21*0.3)) -> 2.5 | AX21: =IF(AW21<3,"BAJO",IF(AW21<4,"BASICO",IF(AW21<4.5,"ALTO",IF(AW65<=5,"SUPERIOR")))) -> BAJO | AY21: 1 | AZ21: 3.5 | BA21: 3.5 | BB21: 3.5 | BC21: =((AZ21*0.3)+(BA21*0.4)+(BB21*0.3)) -> 3.5 | BD21: =IF(BC21<3,"BAJO",IF(BC21<4,"BASICO",IF(BC21<4.5,"ALTO",IF(BC21<=5,"SUPERIOR")))) -> BASICO | BE21: 2 | BF21: 3.3 | BG21: 3.4 | BH21: 3.2 | BI21: =((BF21*0.3)+(BG21*0.4)+(BH21*0.3)) -> 3.31 | BJ21: =IF(BI21<3,"BAJO",IF(BI21<4,"BASICO",IF(BI21<4.5,"ALTO",IF(BI21<=5,"SUPERIOR")))) -> BASICO | BK21: 1 | BL21: 3.3 | BM21: 3.2 | BN21: 3.4 | BO21: 3.5 | BP21: =IF(BO21<3,"BAJO",IF(BO21<4,"BASICO",IF(BO21<4.5,"ALTO",IF(BO21<=5,"SUPERIOR")))) -> BASICO | BQ21: 1 | BR21: 3.2 | BS21: 3.3 | BT21: 3 | BU21: =((BR21*0.3)+(BS21*0.4)+(BT21*0.3)) -> 3.18 | BV21: =IF(BU21<3,"BAJO",IF(BU21<4,"BASICO",IF(BU21<4.5,"ALTO",IF(BU21<=5,"SUPERIOR")))) -> BASICO | BW21: 1 | BX21: 3.5 | BY21: 3.8 | BZ21: 3.5 | CA21: =((BX21*0.3)+(BY21*0.4)+(BZ21*0.3)) -> 3.62 | CB21: =IF(CA21<3,"BAJO",IF(CA21<4,"BASICO",IF(CA21<4.5,"ALTO",IF(CA21<=5,"SUPERIOR")))) -> BASICO | CC21: 1 | CD21: 4.2 | CE21: 4 | CF21: 4 | CG21: =((CD21*0.3)+(CE21*0.4)+(CF21*0.3)) -> 4.06 | CH21: =IF(CG21<3,"BAJO",IF(CG21<4,"BASICO",IF(CG21<4.5,"ALTO",IF(CG21<=5,"SUPERIOR")))) -> ALTO | CI21: 1 | CJ21: 4,4, | CK21: 4.4 | CL21: 4.4 | CM21: =((CJ21*0.3)+(CK21*0.4)+(CL21*0.3)) -> #VALUE! | CN21: =IF(CM21<3,"BAJO",IF(CM21<4,"BASICO",IF(CM21<4.5,"ALTO",IF(CM21<=5,"SUPERIOR")))) -> #VALUE! | CO21: 1 | CP21: 5 | CQ21: 5 | CR21: 5 | CS21: =((CP21*0.3)+(CQ21*0.4)+(CR21*0.3)) -> 5 | CT21: =IF(CS21<3,"BAJO",IF(CS21<4,"BASICO",IF(CS21<4.5,"ALTO",IF(CS21<=5,"SUPERIOR")))) -> SUPERIOR | CU21: 2 | CV21: 2 | CW21: 2 | CX21: 2 | CY21: =((CV21*0.3)+(CW21*0.4)+(CX21*0.3)) -> 2 | CZ21: =IF(CY21<3,"BAJO",IF(CY21<4,"BASICO",IF(CY21<4.5,"ALTO",IF(CY21<=5,"SUPERIOR")))) -> BAJO | DA21: 2 | DB21: 3.5 | DC21: 3.5 | DD21: 4 | DE21: =((DB21*0.3)+(DC21*0.4)+(DD21*0.3)) -> 3.65 | DF21: =IF(DE21<2.95,"BAJO",IF(DE21<3.95,"BASICO",IF(DE21<4.45,"ALTO",IF(DE21<=5,"SUPERIOR")))) -> BASICO | DG21: 0 | DI21: =IF(DH21<3,"BAJO",IF(DH21<4,"BASICO",IF(DH21<4.5,"ALTO",IF(DH21<=5,"SUPERIOR")))) -> BAJO | DJ21: =AVERAGE(M21,Y21,AE21,AK21,AW21,BC21,BI21,BO21,CA21,DE21,DH21,CY21,CS21,CM21,CG21,AQ21,S21) -> #VALUE! | DK21: =$DK$2 -> Comprende el concepto de números reales, su relación de orden y las propiedades de sus operaciones, así como las relaciones de semejanza y congruencia de distintas figuras geométricas. | DL21: =DL20 -> Aplica correctamente las propiedades de las operaciones de números reales y expresiones algebraicas en la resolución de problemas. | DM21: =DM20 -> Valora el uso del pensamiento lógico a la hora de plantear y resolver problemas de las matemáticas y de la vida cotidiana. | DN21: =DN20 -> Reconoce y clasifica variables aleatorias, comprendiendo sus tipos y características; además, interpreta la información presentada en tablas de frecuencias y diagramas estadísticos, explicando su significado en contextos diversos. | DO21: =DO20 -> Organiza y analiza datos mediante la construcción de tablas de frecuencias y diagramas estadísticos, identificando variables aleatorias y utilizando estas representaciones para resolver situaciones problema. | DP21: =DP20 -> Muestra disposición y responsabilidad en el manejo y análisis de datos, participando activamente en actividades individuales y colaborativas, y comunicando información estadística con claridad y sentido crítico. | DQ21: =DQ20 -> Analiza las características de la literatura prehispánica y la literatura del descubrimiento y la conquista en Colombia identificando sus elementos fundamentales y su impacto en la cultura y el lenguaje actual. | DR21: =DR20 -> Realiza comprensión lectora cuando analiza un texto desde el discurso de la Enunciación e identifica la función de cada uno de sus componentes. Responde preguntas en los tres niveles de lectura a una leyenda del Caribe. | DS21: =DS20 -> Muestra disposición para participar activamente en las clases, promoviendo el respeto por las ideas ajenas y reconociendo la importancia de la precisión como una herramienta clave para una comunicación | ... FJ21: =FJ20 -> Identifica y reconoce sus pricipales deberes y derechos dentro y fuera de la Institución educativa.
A22: 21 | B22: HENAO POLO SHARON CRISTINA | C22: 1044647869 | D22: 8°A | E22: Yenis María Duncan Ramirez | F22: Mañana | G22: PRIMERO | H22: 2026 | I22: 4 | J22: 3 | K22: 3.1 | L22: 3.2 | M22: =((J22*0.3)+(K22*0.4)+(L22*0.3)) -> 3.1 | N22: =IF(M22<3,"BAJO",IF(M22<4,"BASICO",IF(M22<4.5,"ALTO",IF(M22<=5,"SUPERIOR")))) -> BASICO | O22: 1 | P22: 4 | Q22: 4 | R22: 4 | S22: =((P22*0.3)+(Q22*0.4)+(R22*0.3)) -> 4 | T22: =IF(S22<3,"BAJO",IF(S22<4,"BASICO",IF(S22<4.5,"ALTO",IF(S22<=5,"SUPERIOR")))) -> ALTO | U22: 4 | V22: 4.7 | W22: 5 | X22: 4.7 | Y22: =((V22*0.3)+(W22*0.4)+(X22*0.3)) -> 4.82 | Z22: =IF(Y22<3,"BAJO",IF(Y22<4,"BASICO",IF(Y22<4.5,"ALTO",IF(Y22<=5,"SUPERIOR")))) -> SUPERIOR | AA22: 1 | AB22: 4.1 | AC22: 4.1 | AD22: 4.1 | AE22: =((AB22*0.3)+(AC22*0.4)+(AD22*0.3)) -> 4.1 | AF22: =IF(AE22<3,"BAJO",IF(AE22<4,"BASICO",IF(AE22<4.5,"ALTO",IF(AE22<=5,"SUPERIOR")))) -> ALTO | AG22: 2 | AH22: 4.5 | AI22: 4.5 | AJ22: 4.5 | AK22: =((AH22*0.3)+(AI22*0.4)+(AJ22*0.3)) -> 4.5 | AL22: =IF(AK22<3,"BAJO",IF(AK22<4,"BASICO",IF(AK22<4.5,"ALTO",IF(AK22<=5,"SUPERIOR")))) -> SUPERIOR | AM22: 1 | AN22: 4.5 | AO22: 4.5 | AP22: 4.5 | AQ22: =((AN22*0.3)+(AO22*0.4)+(AP22*0.3)) -> 4.5 | AR22: =IF(AQ22<3,"BAJO",IF(AQ22<4,"BASICO",IF(AQ22<4.5,"ALTO",IF(AQ22<=5,"SUPERIOR")))) -> SUPERIOR | AS22: 4 | AT22: 3.6 | AU22: 3.6 | AV22: 3.6 | AW22: =((AT22*0.3)+(AU22*0.4)+(AV22*0.3)) -> 3.6 | AX22: =IF(AW22<3,"BAJO",IF(AW22<4,"BASICO",IF(AW22<4.5,"ALTO",IF(AW66<=5,"SUPERIOR")))) -> BASICO | AY22: 1 | AZ22: 3.5 | BA22: 3.5 | BB22: 3.8 | BC22: =((AZ22*0.3)+(BA22*0.4)+(BB22*0.3)) -> 3.59 | BD22: =IF(BC22<3,"BAJO",IF(BC22<4,"BASICO",IF(BC22<4.5,"ALTO",IF(BC22<=5,"SUPERIOR")))) -> BASICO | BE22: 2 | BF22: 4 | BG22: 4.5 | BH22: 4.5 | BI22: =((BF22*0.3)+(BG22*0.4)+(BH22*0.3)) -> 4.35 | BJ22: =IF(BI22<3,"BAJO",IF(BI22<4,"BASICO",IF(BI22<4.5,"ALTO",IF(BI22<=5,"SUPERIOR")))) -> ALTO | BK22: 1 | BL22: 4 | BM22: 4.4 | BN22: 4.5 | BO22: =((BL22*0.3)+(BM22*0.4)+(BN22*0.3)) -> 4.31 | BP22: =IF(BO22<3,"BAJO",IF(BO22<4,"BASICO",IF(BO22<4.5,"ALTO",IF(BO22<=5,"SUPERIOR")))) -> ALTO | BQ22: 1 | BR22: 4 | BS22: 4.4 | BT22: 4.5 | BU22: =((BR22*0.3)+(BS22*0.4)+(BT22*0.3)) -> 4.31 | BV22: =IF(BU22<3,"BAJO",IF(BU22<4,"BASICO",IF(BU22<4.5,"ALTO",IF(BU22<=5,"SUPERIOR")))) -> ALTO | BW22: 1 | BX22: 4 | BY22: 4.5 | BZ22: 4.4 | CA22: =((BX22*0.3)+(BY22*0.4)+(BZ22*0.3)) -> 4.32 | CB22: =IF(CA22<3,"BAJO",IF(CA22<4,"BASICO",IF(CA22<4.5,"ALTO",IF(CA22<=5,"SUPERIOR")))) -> ALTO | CC22: 1 | CD22: 3.7 | CE22: 3.8 | CF22: 3.8 | CG22: =((CD22*0.3)+(CE22*0.4)+(CF22*0.3)) -> 3.77 | CH22: =IF(CG22<3,"BAJO",IF(CG22<4,"BASICO",IF(CG22<4.5,"ALTO",IF(CG22<=5,"SUPERIOR")))) -> BASICO | CI22: 1 | CJ22: 4.6 | CK22: 4.6 | CL22: 4.6 | CM22: =((CJ22*0.3)+(CK22*0.4)+(CL22*0.3)) -> 4.6 | CN22: =IF(CM22<3,"BAJO",IF(CM22<4,"BASICO",IF(CM22<4.5,"ALTO",IF(CM22<=5,"SUPERIOR")))) -> SUPERIOR | CO22: 1 | CP22: 5 | CQ22: 5 | CR22: 5 | CS22: =((CP22*0.3)+(CQ22*0.4)+(CR22*0.3)) -> 5 | CT22: =IF(CS22<3,"BAJO",IF(CS22<4,"BASICO",IF(CS22<4.5,"ALTO",IF(CS22<=5,"SUPERIOR")))) -> SUPERIOR | CU22: 2 | CV22: 4.5 | CW22: 4.5 | CX22: 4.5 | CY22: =((CV22*0.3)+(CW22*0.4)+(CX22*0.3)) -> 4.5 | CZ22: =IF(CY22<3,"BAJO",IF(CY22<4,"BASICO",IF(CY22<4.5,"ALTO",IF(CY22<=5,"SUPERIOR")))) -> SUPERIOR | DA22: 2 | DB22: 4.5 | DC22: 4.5 | DD22: 4.5 | DE22: =((DB22*0.3)+(DC22*0.4)+(DD22*0.3)) -> 4.5 | DF22: =IF(DE22<2.95,"BAJO",IF(DE22<3.95,"BASICO",IF(DE22<4.45,"ALTO",IF(DE22<=5,"SUPERIOR")))) -> SUPERIOR | DG22: 0 | DI22: =IF(DH22<3,"BAJO",IF(DH22<4,"BASICO",IF(DH22<4.5,"ALTO",IF(DH22<=5,"SUPERIOR")))) -> BAJO | DJ22: =AVERAGE(M22,Y22,AE22,AK22,AW22,BC22,BI22,BO22,CA22,DE22,DH22,CY22,CS22,CM22,CG22,AQ22,S22) -> 4.2225 | DK22: =$DK$2 -> Comprende el concepto de números reales, su relación de orden y las propiedades de sus operaciones, así como las relaciones de semejanza y congruencia de distintas figuras geométricas. | DL22: =DL21 -> Aplica correctamente las propiedades de las operaciones de números reales y expresiones algebraicas en la resolución de problemas. | DM22: =DM21 -> Valora el uso del pensamiento lógico a la hora de plantear y resolver problemas de las matemáticas y de la vida cotidiana. | DN22: =DN21 -> Reconoce y clasifica variables aleatorias, comprendiendo sus tipos y características; además, interpreta la información presentada en tablas de frecuencias y diagramas estadísticos, explicando su significado en contextos diversos. | DO22: =DO21 -> Organiza y analiza datos mediante la construcción de tablas de frecuencias y diagramas estadísticos, identificando variables aleatorias y utilizando estas representaciones para resolver situaciones problema. | DP22: =DP21 -> Muestra disposición y responsabilidad en el manejo y análisis de datos, participando activamente en actividades individuales y colaborativas, y comunicando información estadística con claridad y sentido crítico. | DQ22: =DQ21 -> Analiza las características de la literatura prehispánica y la literatura del descubrimiento y la conquista en Colombia identificando sus elementos fundamentales y su impacto en la cultura y el lenguaje actual. | DR22: =DR21 -> Realiza comprensión lectora cuando analiza un texto desde el discurso de la Enunciación e identifica la función de cada uno de sus componentes. Responde preguntas en los tres niveles de lectura a una leyenda del Caribe. | DS22: =DS21 -> Muestra disposición para participar activamente en las clases, promoviendo el respeto por las ideas ajenas y reconociendo la importancia de la precisión como una herramienta clave para una comunicación | ... FJ22: =FJ21 -> Identifica y reconoce sus pricipales deberes y derechos dentro y fuera de la Institución educativa.
A23: 22 | B23: HERNANDEZ MENDOZA ROYNER DAVID | C23: 1044641028 | D23: 8°A | E23: Yenis María Duncan Ramirez | F23: Mañana | G23: PRIMERO | H23: 2026 | I23: 4 | J23: 2.8 | K23: 3 | L23: 3.2 | M23: =((J23*0.3)+(K23*0.4)+(L23*0.3)) -> 3 | N23: =IF(M23<3,"BAJO",IF(M23<4,"BASICO",IF(M23<4.5,"ALTO",IF(M23<=5,"SUPERIOR")))) -> BASICO | O23: 1 | P23: 3 | Q23: 3 | R23: 3 | S23: =((P23*0.3)+(Q23*0.4)+(R23*0.3)) -> 3 | T23: =IF(S23<3,"BAJO",IF(S23<4,"BASICO",IF(S23<4.5,"ALTO",IF(S23<=5,"SUPERIOR")))) -> BASICO | U23: 4 | V23: 3 | W23: 3 | X23: 3.2 | Y23: =((V23*0.3)+(W23*0.4)+(X23*0.3)) -> 3.06 | Z23: =IF(Y23<3,"BAJO",IF(Y23<4,"BASICO",IF(Y23<4.5,"ALTO",IF(Y23<=5,"SUPERIOR")))) -> BASICO | AA23: 1 | AB23: 3.4 | AC23: 3.4 | AD23: 3.4 | AE23: =((AB23*0.3)+(AC23*0.4)+(AD23*0.3)) -> 3.4 | AF23: =IF(AE23<3,"BAJO",IF(AE23<4,"BASICO",IF(AE23<4.5,"ALTO",IF(AE23<=5,"SUPERIOR")))) -> BASICO | AG23: 2 | AH23: 3 | AI23: 3 | AJ23: 3 | AK23: =((AH23*0.3)+(AI23*0.4)+(AJ23*0.3)) -> 3 | AL23: =IF(AK23<3,"BAJO",IF(AK23<4,"BASICO",IF(AK23<4.5,"ALTO",IF(AK23<=5,"SUPERIOR")))) -> BASICO | AM23: 1 | AN23: 3 | AO23: 3 | AP23: 3 | AQ23: =((AN23*0.3)+(AO23*0.4)+(AP23*0.3)) -> 3 | AR23: =IF(AQ23<3,"BAJO",IF(AQ23<4,"BASICO",IF(AQ23<4.5,"ALTO",IF(AQ23<=5,"SUPERIOR")))) -> BASICO | AS23: 4 | AT23: 2 | AU23: 2 | AV23: 2 | AW23: =((AT23*0.3)+(AU23*0.4)+(AV23*0.3)) -> 2 | AX23: =IF(AW23<3,"BAJO",IF(AW23<4,"BASICO",IF(AW23<4.5,"ALTO",IF(AW67<=5,"SUPERIOR")))) -> BAJO | AY23: 1 | AZ23: 3.2 | BA23: 3.5 | BB23: 3.2 | BC23: =((AZ23*0.3)+(BA23*0.4)+(BB23*0.3)) -> 3.32 | BD23: =IF(BC23<3,"BAJO",IF(BC23<4,"BASICO",IF(BC23<4.5,"ALTO",IF(BC23<=5,"SUPERIOR")))) -> BASICO | BE23: 2 | BF23: 3 | BG23: 3 | BH23: 3.3 | BI23: =((BF23*0.3)+(BG23*0.4)+(BH23*0.3)) -> 3.09 | BJ23: =IF(BI23<3,"BAJO",IF(BI23<4,"BASICO",IF(BI23<4.5,"ALTO",IF(BI23<=5,"SUPERIOR")))) -> BASICO | BK23: 1 | BL23: 3 | BM23: 3 | BN23: 3 | BO23: =((BL23*0.3)+(BM23*0.4)+(BN23*0.3)) -> 3 | BP23: =IF(BO23<3,"BAJO",IF(BO23<4,"BASICO",IF(BO23<4.5,"ALTO",IF(BO23<=5,"SUPERIOR")))) -> BASICO | BQ23: 1 | BR23: 3 | BS23: 3 | BT23: 3 | BU23: =((BR23*0.3)+(BS23*0.4)+(BT23*0.3)) -> 3 | BV23: =IF(BU23<3,"BAJO",IF(BU23<4,"BASICO",IF(BU23<4.5,"ALTO",IF(BU23<=5,"SUPERIOR")))) -> BASICO | BW23: 1 | BX23: 2 | BY23: 2 | BZ23: 2 | CA23: =((BX23*0.3)+(BY23*0.4)+(BZ23*0.3)) -> 2 | CB23: =IF(CA23<3,"BAJO",IF(CA23<4,"BASICO",IF(CA23<4.5,"ALTO",IF(CA23<=5,"SUPERIOR")))) -> BAJO | CC23: 1 | CD23: 3.7 | CE23: 3.7 | CF23: 3.7 | CG23: =((CD23*0.3)+(CE23*0.4)+(CF23*0.3)) -> 3.7 | CH23: =IF(CG23<3,"BAJO",IF(CG23<4,"BASICO",IF(CG23<4.5,"ALTO",IF(CG23<=5,"SUPERIOR")))) -> BASICO | CI23: 1 | CJ23: 2.5 | CK23: 2.5 | CL23: 2.5 | CM23: =((CJ23*0.3)+(CK23*0.4)+(CL23*0.3)) -> 2.5 | CN23: =IF(CM23<3,"BAJO",IF(CM23<4,"BASICO",IF(CM23<4.5,"ALTO",IF(CM23<=5,"SUPERIOR")))) -> BAJO | CO23: 1 | CP23: 5 | CQ23: 5 | CR23: 5 | CS23: =((CP23*0.3)+(CQ23*0.4)+(CR23*0.3)) -> 5 | CT23: =IF(CS23<3,"BAJO",IF(CS23<4,"BASICO",IF(CS23<4.5,"ALTO",IF(CS23<=5,"SUPERIOR")))) -> SUPERIOR | CU23: 2 | CV23: 3 | CW23: 3 | CX23: 3 | CY23: =((CV23*0.3)+(CW23*0.4)+(CX23*0.3)) -> 3 | CZ23: =IF(CY23<3,"BAJO",IF(CY23<4,"BASICO",IF(CY23<4.5,"ALTO",IF(CY23<=5,"SUPERIOR")))) -> BASICO | DA23: 2 | DB23: 3 | DC23: 3 | DD23: 3 | DE23: =((DB23*0.3)+(DC23*0.4)+(DD23*0.3)) -> 3 | DF23: =IF(DE23<2.95,"BAJO",IF(DE23<3.95,"BASICO",IF(DE23<4.45,"ALTO",IF(DE23<=5,"SUPERIOR")))) -> BASICO | DG23: 0 | DI23: =IF(DH23<3,"BAJO",IF(DH23<4,"BASICO",IF(DH23<4.5,"ALTO",IF(DH23<=5,"SUPERIOR")))) -> BAJO | DJ23: =AVERAGE(M23,Y23,AE23,AK23,AW23,BC23,BI23,BO23,CA23,DE23,DH23,CY23,CS23,CM23,CG23,AQ23,S23) -> 3.066875 | DK23: =$DK$2 -> Comprende el concepto de números reales, su relación de orden y las propiedades de sus operaciones, así como las relaciones de semejanza y congruencia de distintas figuras geométricas. | DL23: =DL22 -> Aplica correctamente las propiedades de las operaciones de números reales y expresiones algebraicas en la resolución de problemas. | DM23: =DM22 -> Valora el uso del pensamiento lógico a la hora de plantear y resolver problemas de las matemáticas y de la vida cotidiana. | DN23: =DN22 -> Reconoce y clasifica variables aleatorias, comprendiendo sus tipos y características; además, interpreta la información presentada en tablas de frecuencias y diagramas estadísticos, explicando su significado en contextos diversos. | DO23: =DO22 -> Organiza y analiza datos mediante la construcción de tablas de frecuencias y diagramas estadísticos, identificando variables aleatorias y utilizando estas representaciones para resolver situaciones problema. | DP23: =DP22 -> Muestra disposición y responsabilidad en el manejo y análisis de datos, participando activamente en actividades individuales y colaborativas, y comunicando información estadística con claridad y sentido crítico. | DQ23: =DQ22 -> Analiza las características de la literatura prehispánica y la literatura del descubrimiento y la conquista en Colombia identificando sus elementos fundamentales y su impacto en la cultura y el lenguaje actual. | DR23: =DR22 -> Realiza comprensión lectora cuando analiza un texto desde el discurso de la Enunciación e identifica la función de cada uno de sus componentes. Responde preguntas en los tres niveles de lectura a una leyenda del Caribe. | DS23: =DS22 -> Muestra disposición para participar activamente en las clases, promoviendo el respeto por las ideas ajenas y reconociendo la importancia de la precisión como una herramienta clave para una comunicación | ... FJ23: =FJ22 -> Identifica y reconoce sus pricipales deberes y derechos dentro y fuera de la Institución educativa.
A24: 23 | B24: JACOME CUELLO DALIANYS SOFIA | C24: 1046710287 | D24: 8°A | E24: Yenis María Duncan Ramirez | F24: Mañana | G24: PRIMERO | H24: 2026 | I24: 4 | J24: 2.2 | K24: 2.5 | L24: 2.8 | M24: =((J24*0.3)+(K24*0.4)+(L24*0.3)) -> 2.5 | N24: =IF(M24<3,"BAJO",IF(M24<4,"BASICO",IF(M24<4.5,"ALTO",IF(M24<=5,"SUPERIOR")))) -> BAJO | O24: 1 | P24: 2 | Q24: 2 | R24: 2 | S24: =((P24*0.3)+(Q24*0.4)+(R24*0.3)) -> 2 | T24: =IF(S24<3,"BAJO",IF(S24<4,"BASICO",IF(S24<4.5,"ALTO",IF(S24<=5,"SUPERIOR")))) -> BAJO | U24: 4 | V24: 3 | W24: 3 | X24: 3 | Y24: =((V24*0.3)+(W24*0.4)+(X24*0.3)) -> 3 | Z24: =IF(Y24<3,"BAJO",IF(Y24<4,"BASICO",IF(Y24<4.5,"ALTO",IF(Y24<=5,"SUPERIOR")))) -> BASICO | AA24: 1 | AB24: 2.7 | AC24: 2.7 | AD24: 2.7 | AE24: =((AB24*0.3)+(AC24*0.4)+(AD24*0.3)) -> 2.7 | AF24: =IF(AE24<3,"BAJO",IF(AE24<4,"BASICO",IF(AE24<4.5,"ALTO",IF(AE24<=5,"SUPERIOR")))) -> BAJO | AG24: 2 | AH24: 2.5 | AI24: 3 | AJ24: 3 | AK24: =((AH24*0.3)+(AI24*0.4)+(AJ24*0.3)) -> 2.85 | AL24: =IF(AK24<3,"BAJO",IF(AK24<4,"BASICO",IF(AK24<4.5,"ALTO",IF(AK24<=5,"SUPERIOR")))) -> BAJO | AM24: 1 | AN24: 2.5 | AO24: 3 | AP24: 3 | AQ24: =((AN24*0.3)+(AO24*0.4)+(AP24*0.3)) -> 2.85 | AR24: =IF(AQ24<3,"BAJO",IF(AQ24<4,"BASICO",IF(AQ24<4.5,"ALTO",IF(AQ24<=5,"SUPERIOR")))) -> BAJO | AS24: 4 | AT24: 2 | AU24: 2 | AV24: 2 | AW24: =((AT24*0.3)+(AU24*0.4)+(AV24*0.3)) -> 2 | AX24: =IF(AW24<3,"BAJO",IF(AW24<4,"BASICO",IF(AW24<4.5,"ALTO",IF(AW68<=5,"SUPERIOR")))) -> BAJO | AY24: 1 | AZ24: 3.2 | BA24: 3 | BB24: 3 | BC24: =((AZ24*0.3)+(BA24*0.4)+(BB24*0.3)) -> 3.06 | BD24: =IF(BC24<3,"BAJO",IF(BC24<4,"BASICO",IF(BC24<4.5,"ALTO",IF(BC24<=5,"SUPERIOR")))) -> BASICO | BE24: 2 | BF24: 3.5 | BG24: 3.5 | BH24: 3.4 | BI24: =((BF24*0.3)+(BG24*0.4)+(BH24*0.3)) -> 3.47 | BJ24: =IF(BI24<3,"BAJO",IF(BI24<4,"BASICO",IF(BI24<4.5,"ALTO",IF(BI24<=5,"SUPERIOR")))) -> BASICO | BK24: 1 | BL24: 3.3 | BM24: 3.4 | BN24: 3.5 | BO24: =((BL24*0.3)+(BM24*0.4)+(BN24*0.3)) -> 3.4 | BP24: =IF(BO24<3,"BAJO",IF(BO24<4,"BASICO",IF(BO24<4.5,"ALTO",IF(BO24<=5,"SUPERIOR")))) -> BASICO | BQ24: 1 | BR24: 3.3 | BS24: 3.4 | BT24: 3.5 | BU24: =((BR24*0.3)+(BS24*0.4)+(BT24*0.3)) -> 3.4 | BV24: =IF(BU24<3,"BAJO",IF(BU24<4,"BASICO",IF(BU24<4.5,"ALTO",IF(BU24<=5,"SUPERIOR")))) -> BASICO | BW24: 1 | BX24: 2 | BY24: 2 | BZ24: 2 | CA24: =((BX24*0.3)+(BY24*0.4)+(BZ24*0.3)) -> 2 | CB24: =IF(CA24<3,"BAJO",IF(CA24<4,"BASICO",IF(CA24<4.5,"ALTO",IF(CA24<=5,"SUPERIOR")))) -> BAJO | CC24: 1 | CD24: 2 | CE24: 2 | CF24: 2 | CG24: =((CD24*0.3)+(CE24*0.4)+(CF24*0.3)) -> 2 | CH24: =IF(CG24<3,"BAJO",IF(CG24<4,"BASICO",IF(CG24<4.5,"ALTO",IF(CG24<=5,"SUPERIOR")))) -> BAJO | CI24: 1 | CM24: =((CJ24*0.3)+(CK24*0.4)+(CL24*0.3)) -> 0 | CN24: =IF(CM24<3,"BAJO",IF(CM24<4,"BASICO",IF(CM24<4.5,"ALTO",IF(CM24<=5,"SUPERIOR")))) -> BAJO | CO24: 1 | CP24: 5 | CQ24: 5 | CR24: 5 | CS24: =((CP24*0.3)+(CQ24*0.4)+(CR24*0.3)) -> 5 | CT24: =IF(CS24<3,"BAJO",IF(CS24<4,"BASICO",IF(CS24<4.5,"ALTO",IF(CS24<=5,"SUPERIOR")))) -> SUPERIOR | CU24: 2 | CY24: =((CV24*0.3)+(CW24*0.4)+(CX24*0.3)) -> 0 | CZ24: =IF(CY24<3,"BAJO",IF(CY24<4,"BASICO",IF(CY24<4.5,"ALTO",IF(CY24<=5,"SUPERIOR")))) -> BAJO | DA24: 2 | DB24: 3 | DC24: 3 | DD24: 4 | DE24: =((DB24*0.3)+(DC24*0.4)+(DD24*0.3)) -> 3.3 | DF24: =IF(DE24<2.95,"BAJO",IF(DE24<3.95,"BASICO",IF(DE24<4.45,"ALTO",IF(DE24<=5,"SUPERIOR")))) -> BASICO | DG24: 0 | DI24: =IF(DH24<3,"BAJO",IF(DH24<4,"BASICO",IF(DH24<4.5,"ALTO",IF(DH24<=5,"SUPERIOR")))) -> BAJO | DJ24: =AVERAGE(M24,Y24,AE24,AK24,AW24,BC24,BI24,BO24,CA24,DE24,DH24,CY24,CS24,CM24,CG24,AQ24,S24) -> 2.508125 | DK24: =$DK$2 -> Comprende el concepto de números reales, su relación de orden y las propiedades de sus operaciones, así como las relaciones de semejanza y congruencia de distintas figuras geométricas. | DL24: =DL23 -> Aplica correctamente las propiedades de las operaciones de números reales y expresiones algebraicas en la resolución de problemas. | DM24: =DM23 -> Valora el uso del pensamiento lógico a la hora de plantear y resolver problemas de las matemáticas y de la vida cotidiana. | DN24: =DN23 -> Reconoce y clasifica variables aleatorias, comprendiendo sus tipos y características; además, interpreta la información presentada en tablas de frecuencias y diagramas estadísticos, explicando su significado en contextos diversos. | DO24: =DO23 -> Organiza y analiza datos mediante la construcción de tablas de frecuencias y diagramas estadísticos, identificando variables aleatorias y utilizando estas representaciones para resolver situaciones problema. | DP24: =DP23 -> Muestra disposición y responsabilidad en el manejo y análisis de datos, participando activamente en actividades individuales y colaborativas, y comunicando información estadística con claridad y sentido crítico. | DQ24: =DQ23 -> Analiza las características de la literatura prehispánica y la literatura del descubrimiento y la conquista en Colombia identificando sus elementos fundamentales y su impacto en la cultura y el lenguaje actual. | DR24: =DR23 -> Realiza comprensión lectora cuando analiza un texto desde el discurso de la Enunciación e identifica la función de cada uno de sus componentes. Responde preguntas en los tres niveles de lectura a una leyenda del Caribe. | DS24: =DS23 -> Muestra disposición para participar activamente en las clases, promoviendo el respeto por las ideas ajenas y reconociendo la importancia de la precisión como una herramienta clave para una comunicación | ... FJ24: =FJ23 -> Identifica y reconoce sus pricipales deberes y derechos dentro y fuera de la Institución educativa.
A25: 24 | B25: JIMENEZ LOPEZ SHAYELL DAVID | C25: 1042862207 | D25: 8°A | E25: Yenis María Duncan Ramirez | F25: Mañana | G25: PRIMERO | H25: 2026 | I25: 4 | J25: 3 | K25: 3 | L25: 3 | M25: =((J25*0.3)+(K25*0.4)+(L25*0.3)) -> 3 | N25: =IF(M25<3,"BAJO",IF(M25<4,"BASICO",IF(M25<4.5,"ALTO",IF(M25<=5,"SUPERIOR")))) -> BASICO | O25: 1 | P25: 3 | Q25: 3 | R25: 3 | S25: =((P25*0.3)+(Q25*0.4)+(R25*0.3)) -> 3 | T25: =IF(S25<3,"BAJO",IF(S25<4,"BASICO",IF(S25<4.5,"ALTO",IF(S25<=5,"SUPERIOR")))) -> BASICO | U25: 4 | V25: 2.5 | W25: 2.5 | X25: 3 | Y25: =((V25*0.3)+(W25*0.4)+(X25*0.3)) -> 2.65 | Z25: =IF(Y25<3,"BAJO",IF(Y25<4,"BASICO",IF(Y25<4.5,"ALTO",IF(Y25<=5,"SUPERIOR")))) -> BAJO | AA25: 1 | AB25: 2.8 | AC25: 2.8 | AD25: 2.8 | AE25: =((AB25*0.3)+(AC25*0.4)+(AD25*0.3)) -> 2.8 | AF25: =IF(AE25<3,"BAJO",IF(AE25<4,"BASICO",IF(AE25<4.5,"ALTO",IF(AE25<=5,"SUPERIOR")))) -> BAJO | AG25: 2 | AH25: 2 | AI25: 3.5 | AJ25: 3.5 | AK25: =((AH25*0.3)+(AI25*0.4)+(AJ25*0.3)) -> 3.05 | AL25: =IF(AK25<3,"BAJO",IF(AK25<4,"BASICO",IF(AK25<4.5,"ALTO",IF(AK25<=5,"SUPERIOR")))) -> BASICO | AM25: 1 | AN25: 2 | AO25: 3.5 | AP25: 3.5 | AQ25: =((AN25*0.3)+(AO25*0.4)+(AP25*0.3)) -> 3.05 | AR25: =IF(AQ25<3,"BAJO",IF(AQ25<4,"BASICO",IF(AQ25<4.5,"ALTO",IF(AQ25<=5,"SUPERIOR")))) -> BASICO | AS25: 4 | AT25: 2.5 | AU25: 2.5 | AV25: 2.5 | AW25: =((AT25*0.3)+(AU25*0.4)+(AV25*0.3)) -> 2.5 | AX25: =IF(AW25<3,"BAJO",IF(AW25<4,"BASICO",IF(AW25<4.5,"ALTO",IF(AW69<=5,"SUPERIOR")))) -> BAJO | AY25: 1 | AZ25: 3.5 | BA25: 3.2 | BB25: 3.2 | BC25: =((AZ25*0.3)+(BA25*0.4)+(BB25*0.3)) -> 3.29 | BD25: =IF(BC25<3,"BAJO",IF(BC25<4,"BASICO",IF(BC25<4.5,"ALTO",IF(BC25<=5,"SUPERIOR")))) -> BASICO | BE25: 2 | BF25: 2 | BG25: 2.5 | BH25: 2.8 | BI25: =((BF25*0.3)+(BG25*0.4)+(BH25*0.3)) -> 2.44 | BJ25: =IF(BI25<3,"BAJO",IF(BI25<4,"BASICO",IF(BI25<4.5,"ALTO",IF(BI25<=5,"SUPERIOR")))) -> BAJO | BK25: 1 | BL25: 2.5 | BM25: 2.4 | BN25: 2.8 | BO25: =((BL25*0.3)+(BM25*0.4)+(BN25*0.3)) -> 2.55 | BP25: =IF(BO25<3,"BAJO",IF(BO25<4,"BASICO",IF(BO25<4.5,"ALTO",IF(BO25<=5,"SUPERIOR")))) -> BAJO | BQ25: 1 | BR25: 2.4 | BS25: 2.6 | BT25: 2.8 | BU25: =((BR25*0.3)+(BS25*0.4)+(BT25*0.3)) -> 2.6 | BV25: =IF(BU25<3,"BAJO",IF(BU25<4,"BASICO",IF(BU25<4.5,"ALTO",IF(BU25<=5,"SUPERIOR")))) -> BAJO | BW25: 1 | BX25: 2 | BY25: 2 | BZ25: 2 | CA25: =((BX25*0.3)+(BY25*0.4)+(BZ25*0.3)) -> 2 | CB25: =IF(CA25<3,"BAJO",IF(CA25<4,"BASICO",IF(CA25<4.5,"ALTO",IF(CA25<=5,"SUPERIOR")))) -> BAJO | CC25: 1 | CD25: 4.5 | CE25: 4.3 | CF25: 4.3 | CG25: =((CD25*0.3)+(CE25*0.4)+(CF25*0.3)) -> 4.36 | CH25: =IF(CG25<3,"BAJO",IF(CG25<4,"BASICO",IF(CG25<4.5,"ALTO",IF(CG25<=5,"SUPERIOR")))) -> ALTO | CI25: 1 | CJ25: 4 | CK25: 4 | CL25: 4 | CM25: =((CJ25*0.3)+(CK25*0.4)+(CL25*0.3)) -> 4 | CN25: =IF(CM25<3,"BAJO",IF(CM25<4,"BASICO",IF(CM25<4.5,"ALTO",IF(CM25<=5,"SUPERIOR")))) -> ALTO | CO25: 1 | CP25: 4 | CQ25: 4 | CR25: 4 | CS25: =((CP25*0.3)+(CQ25*0.4)+(CR25*0.3)) -> 4 | CT25: =IF(CS25<3,"BAJO",IF(CS25<4,"BASICO",IF(CS25<4.5,"ALTO",IF(CS25<=5,"SUPERIOR")))) -> ALTO | CU25: 2 | CV25: 3.5 | CW25: 3.5 | CX25: 3.5 | CY25: =((CV25*0.3)+(CW25*0.4)+(CX25*0.3)) -> 3.5 | CZ25: =IF(CY25<3,"BAJO",IF(CY25<4,"BASICO",IF(CY25<4.5,"ALTO",IF(CY25<=5,"SUPERIOR")))) -> BASICO | DA25: 2 | DB25: 3.5 | DC25: 3.5 | DD25: 3.5 | DE25: =((DB25*0.3)+(DC25*0.4)+(DD25*0.3)) -> 3.5 | DF25: =IF(DE25<2.95,"BAJO",IF(DE25<3.95,"BASICO",IF(DE25<4.45,"ALTO",IF(DE25<=5,"SUPERIOR")))) -> BASICO | DG25: 0 | DI25: =IF(DH25<3,"BAJO",IF(DH25<4,"BASICO",IF(DH25<4.5,"ALTO",IF(DH25<=5,"SUPERIOR")))) -> BAJO | DJ25: =AVERAGE(M25,Y25,AE25,AK25,AW25,BC25,BI25,BO25,CA25,DE25,DH25,CY25,CS25,CM25,CG25,AQ25,S25) -> 3.105625 | DK25: =$DK$2 -> Comprende el concepto de números reales, su relación de orden y las propiedades de sus operaciones, así como las relaciones de semejanza y congruencia de distintas figuras geométricas. | DL25: =DL24 -> Aplica correctamente las propiedades de las operaciones de números reales y expresiones algebraicas en la resolución de problemas. | DM25: =DM24 -> Valora el uso del pensamiento lógico a la hora de plantear y resolver problemas de las matemáticas y de la vida cotidiana. | DN25: =DN24 -> Reconoce y clasifica variables aleatorias, comprendiendo sus tipos y características; además, interpreta la información presentada en tablas de frecuencias y diagramas estadísticos, explicando su significado en contextos diversos. | DO25: =DO24 -> Organiza y analiza datos mediante la construcción de tablas de frecuencias y diagramas estadísticos, identificando variables aleatorias y utilizando estas representaciones para resolver situaciones problema. | DP25: =DP24 -> Muestra disposición y responsabilidad en el manejo y análisis de datos, participando activamente en actividades individuales y colaborativas, y comunicando información estadística con claridad y sentido crítico. | DQ25: =DQ24 -> Analiza las características de la literatura prehispánica y la literatura del descubrimiento y la conquista en Colombia identificando sus elementos fundamentales y su impacto en la cultura y el lenguaje actual. | DR25: =DR24 -> Realiza comprensión lectora cuando analiza un texto desde el discurso de la Enunciación e identifica la función de cada uno de sus componentes. Responde preguntas en los tres niveles de lectura a una leyenda del Caribe. | DS25: =DS24 -> Muestra disposición para participar activamente en las clases, promoviendo el respeto por las ideas ajenas y reconociendo la importancia de la precisión como una herramienta clave para una comunicación | ... FJ25: =FJ24 -> Identifica y reconoce sus pricipales deberes y derechos dentro y fuera de la Institución educativa.
A26: 25 | B26: MARRIAGA GUTIERREZ DENIEL MATIAS | C26: 1130274825 | D26: 8°A | E26: Yenis María Duncan Ramirez | F26: Mañana | G26: PRIMERO | H26: 2026 | I26: 4 | J26: 3.3 | K26: 3.4 | L26: 3.5 | M26: =((J26*0.3)+(K26*0.4)+(L26*0.3)) -> 3.4 | N26: =IF(M26<3,"BAJO",IF(M26<4,"BASICO",IF(M26<4.5,"ALTO",IF(M26<=5,"SUPERIOR")))) -> BASICO | O26: 1 | P26: 4.4 | Q26: 4.4 | R26: 4.4 | S26: =((P26*0.3)+(Q26*0.4)+(R26*0.3)) -> 4.4 | T26: =IF(S26<3,"BAJO",IF(S26<4,"BASICO",IF(S26<4.5,"ALTO",IF(S26<=5,"SUPERIOR")))) -> ALTO | U26: 4 | V26: 4 | W26: 4 | X26: 4 | Y26: =((V26*0.3)+(W26*0.4)+(X26*0.3)) -> 4 | Z26: =IF(Y26<3,"BAJO",IF(Y26<4,"BASICO",IF(Y26<4.5,"ALTO",IF(Y26<=5,"SUPERIOR")))) -> ALTO | AA26: 1 | AB26: 3.5 | AC26: 3.5 | AD26: 3.5 | AE26: =((AB26*0.3)+(AC26*0.4)+(AD26*0.3)) -> 3.5 | AF26: =IF(AE26<3,"BAJO",IF(AE26<4,"BASICO",IF(AE26<4.5,"ALTO",IF(AE26<=5,"SUPERIOR")))) -> BASICO | AG26: 2 | AH26: 4.5 | AI26: 4.5 | AJ26: 4.5 | AK26: =((AH26*0.3)+(AI26*0.4)+(AJ26*0.3)) -> 4.5 | AL26: =IF(AK26<3,"BAJO",IF(AK26<4,"BASICO",IF(AK26<4.5,"ALTO",IF(AK26<=5,"SUPERIOR")))) -> SUPERIOR | AM26: 1 | AN26: 4.5 | AO26: 4.5 | AP26: 4.5 | AQ26: =((AN26*0.3)+(AO26*0.4)+(AP26*0.3)) -> 4.5 | AR26: =IF(AQ26<3,"BAJO",IF(AQ26<4,"BASICO",IF(AQ26<4.5,"ALTO",IF(AQ26<=5,"SUPERIOR")))) -> SUPERIOR | AS26: 4 | AT26: 3.5 | AU26: 3.5 | AV26: 3.5 | AW26: =((AT26*0.3)+(AU26*0.4)+(AV26*0.3)) -> 3.5 | AX26: =IF(AW26<3,"BAJO",IF(AW26<4,"BASICO",IF(AW26<4.5,"ALTO",IF(AW70<=5,"SUPERIOR")))) -> BASICO | AY26: 1 | AZ26: 5 | BA26: 4 | BB26: 4 | BC26: =((AZ26*0.3)+(BA26*0.4)+(BB26*0.3)) -> 4.3 | BD26: =IF(BC26<3,"BAJO",IF(BC26<4,"BASICO",IF(BC26<4.5,"ALTO",IF(BC26<=5,"SUPERIOR")))) -> ALTO | BE26: 2 | BF26: 3.5 | BG26: 3.8 | BH26: 3.7 | BI26: =((BF26*0.3)+(BG26*0.4)+(BH26*0.3)) -> 3.68 | BJ26: =IF(BI26<3,"BAJO",IF(BI26<4,"BASICO",IF(BI26<4.5,"ALTO",IF(BI26<=5,"SUPERIOR")))) -> BASICO | BK26: 1 | BL26: 3.3 | BM26: 3.6 | BN26: 3.8 | BO26: =((BL26*0.3)+(BM26*0.4)+(BN26*0.3)) -> 3.57 | BP26: =IF(BO26<3,"BAJO",IF(BO26<4,"BASICO",IF(BO26<4.5,"ALTO",IF(BO26<=5,"SUPERIOR")))) -> BASICO | BQ26: 1 | BR26: 3.5 | BS26: 3.7 | BT26: 3.8 | BU26: =((BR26*0.3)+(BS26*0.4)+(BT26*0.3)) -> 3.67 | BV26: =IF(BU26<3,"BAJO",IF(BU26<4,"BASICO",IF(BU26<4.5,"ALTO",IF(BU26<=5,"SUPERIOR")))) -> BASICO | BW26: 1 | BX26: 3.5 | BY26: 3.5 | BZ26: 3.5 | CA26: =((BX26*0.3)+(BY26*0.4)+(BZ26*0.3)) -> 3.5 | CB26: =IF(CA26<3,"BAJO",IF(CA26<4,"BASICO",IF(CA26<4.5,"ALTO",IF(CA26<=5,"SUPERIOR")))) -> BASICO | CC26: 1 | CD26: 4 | CE26: 3.8 | CF26: 3.8 | CG26: =((CD26*0.3)+(CE26*0.4)+(CF26*0.3)) -> 3.86 | CH26: =IF(CG26<3,"BAJO",IF(CG26<4,"BASICO",IF(CG26<4.5,"ALTO",IF(CG26<=5,"SUPERIOR")))) -> BASICO | CI26: 1 | CJ26: 4.2 | CK26: 4 | CL26: 4 | CM26: =((CJ26*0.3)+(CK26*0.4)+(CL26*0.3)) -> 4.06 | CN26: =IF(CM26<3,"BAJO",IF(CM26<4,"BASICO",IF(CM26<4.5,"ALTO",IF(CM26<=5,"SUPERIOR")))) -> ALTO | CO26: 1 | CP26: 5 | CQ26: 5 | CR26: 5 | CS26: =((CP26*0.3)+(CQ26*0.4)+(CR26*0.3)) -> 5 | CT26: =IF(CS26<3,"BAJO",IF(CS26<4,"BASICO",IF(CS26<4.5,"ALTO",IF(CS26<=5,"SUPERIOR")))) -> SUPERIOR | CU26: 2 | CV26: 3.8 | CW26: 3.8 | CX26: 3.8 | CY26: =((CV26*0.3)+(CW26*0.4)+(CX26*0.3)) -> 3.8 | CZ26: =IF(CY26<3,"BAJO",IF(CY26<4,"BASICO",IF(CY26<4.5,"ALTO",IF(CY26<=5,"SUPERIOR")))) -> BASICO | DA26: 2 | DB26: 3.5 | DC26: 3.6 | DD26: 4 | DE26: =((DB26*0.3)+(DC26*0.4)+(DD26*0.3)) -> 3.69 | DF26: =IF(DE26<2.95,"BAJO",IF(DE26<3.95,"BASICO",IF(DE26<4.45,"ALTO",IF(DE26<=5,"SUPERIOR")))) -> BASICO | DG26: 0 | DI26: =IF(DH26<3,"BAJO",IF(DH26<4,"BASICO",IF(DH26<4.5,"ALTO",IF(DH26<=5,"SUPERIOR")))) -> BAJO | DJ26: =AVERAGE(M26,Y26,AE26,AK26,AW26,BC26,BI26,BO26,CA26,DE26,DH26,CY26,CS26,CM26,CG26,AQ26,S26) -> 3.95375 | DK26: =$DK$2 -> Comprende el concepto de números reales, su relación de orden y las propiedades de sus operaciones, así como las relaciones de semejanza y congruencia de distintas figuras geométricas. | DL26: =DL25 -> Aplica correctamente las propiedades de las operaciones de números reales y expresiones algebraicas en la resolución de problemas. | DM26: =DM25 -> Valora el uso del pensamiento lógico a la hora de plantear y resolver problemas de las matemáticas y de la vida cotidiana. | DN26: =DN25 -> Reconoce y clasifica variables aleatorias, comprendiendo sus tipos y características; además, interpreta la información presentada en tablas de frecuencias y diagramas estadísticos, explicando su significado en contextos diversos. | DO26: =DO25 -> Organiza y analiza datos mediante la construcción de tablas de frecuencias y diagramas estadísticos, identificando variables aleatorias y utilizando estas representaciones para resolver situaciones problema. | DP26: =DP25 -> Muestra disposición y responsabilidad en el manejo y análisis de datos, participando activamente en actividades individuales y colaborativas, y comunicando información estadística con claridad y sentido crítico. | DQ26: =DQ25 -> Analiza las características de la literatura prehispánica y la literatura del descubrimiento y la conquista en Colombia identificando sus elementos fundamentales y su impacto en la cultura y el lenguaje actual. | DR26: =DR25 -> Realiza comprensión lectora cuando analiza un texto desde el discurso de la Enunciación e identifica la función de cada uno de sus componentes. Responde preguntas en los tres niveles de lectura a una leyenda del Caribe. | DS26: =DS25 -> Muestra disposición para participar activamente en las clases, promoviendo el respeto por las ideas ajenas y reconociendo la importancia de la precisión como una herramienta clave para una comunicación | ... FJ26: =FJ25 -> Identifica y reconoce sus pricipales deberes y derechos dentro y fuera de la Institución educativa.
A27: 26 | B27: MARTINEZ ROA ANDRES DANIEL | C27: 1044647408 | D27: 8°A | E27: Yenis María Duncan Ramirez | F27: Mañana | G27: PRIMERO | H27: 2026 | I27: 4 | J27: 2.1 | K27: 2.5 | L27: 2.9 | M27: =((J27*0.3)+(K27*0.4)+(L27*0.3)) -> 2.5 | N27: =IF(M27<3,"BAJO",IF(M27<4,"BASICO",IF(M27<4.5,"ALTO",IF(M27<=5,"SUPERIOR")))) -> BAJO | O27: 1 | P27: 3 | Q27: 3 | R27: 3 | S27: =((P27*0.3)+(Q27*0.4)+(R27*0.3)) -> 3 | T27: =IF(S27<3,"BAJO",IF(S27<4,"BASICO",IF(S27<4.5,"ALTO",IF(S27<=5,"SUPERIOR")))) -> BASICO | U27: 4 | V27: 2.5 | W27: 2.5 | X27: 3 | Y27: =((V27*0.3)+(W27*0.4)+(X27*0.3)) -> 2.65 | Z27: =IF(Y27<3,"BAJO",IF(Y27<4,"BASICO",IF(Y27<4.5,"ALTO",IF(Y27<=5,"SUPERIOR")))) -> BAJO | AA27: 1 | AB27: 3.2 | AC27: 3.2 | AD27: 3.2 | AE27: =((AB27*0.3)+(AC27*0.4)+(AD27*0.3)) -> 3.2 | AF27: =IF(AE27<3,"BAJO",IF(AE27<4,"BASICO",IF(AE27<4.5,"ALTO",IF(AE27<=5,"SUPERIOR")))) -> BASICO | AG27: 2 | AH27: 2 | AI27: 3 | AJ27: 3 | AK27: =((AH27*0.3)+(AI27*0.4)+(AJ27*0.3)) -> 2.7 | AL27: =IF(AK27<3,"BAJO",IF(AK27<4,"BASICO",IF(AK27<4.5,"ALTO",IF(AK27<=5,"SUPERIOR")))) -> BAJO | AM27: 1 | AN27: 2 | AO27: 3 | AP27: 3 | AQ27: =((AN27*0.3)+(AO27*0.4)+(AP27*0.3)) -> 2.7 | AR27: =IF(AQ27<3,"BAJO",IF(AQ27<4,"BASICO",IF(AQ27<4.5,"ALTO",IF(AQ27<=5,"SUPERIOR")))) -> BAJO | AS27: 4 | AT27: 2.5 | AU27: 2.5 | AV27: 2.5 | AW27: =((AT27*0.3)+(AU27*0.4)+(AV27*0.3)) -> 2.5 | AX27: =IF(AW27<3,"BAJO",IF(AW27<4,"BASICO",IF(AW27<4.5,"ALTO",IF(AW71<=5,"SUPERIOR")))) -> BAJO | AY27: 1 | AZ27: 4 | BA27: 3.8 | BB27: 3.8 | BC27: =((AZ27*0.3)+(BA27*0.4)+(BB27*0.3)) -> 3.86 | BD27: =IF(BC27<3,"BAJO",IF(BC27<4,"BASICO",IF(BC27<4.5,"ALTO",IF(BC27<=5,"SUPERIOR")))) -> BASICO | BE27: 2 | BF27: 2 | BG27: 2.5 | BH27: 2.8 | BI27: =((BF27*0.3)+(BG27*0.4)+(BH27*0.3)) -> 2.44 | BJ27: =IF(BI27<3,"BAJO",IF(BI27<4,"BASICO",IF(BI27<4.5,"ALTO",IF(BI27<=5,"SUPERIOR")))) -> BAJO | BK27: 1 | BL27: 2.6 | BM27: 2.8 | BN27: 2.5 | BO27: =((BL27*0.3)+(BM27*0.4)+(BN27*0.3)) -> 2.65 | BP27: =IF(BO27<3,"BAJO",IF(BO27<4,"BASICO",IF(BO27<4.5,"ALTO",IF(BO27<=5,"SUPERIOR")))) -> BAJO | BQ27: 1 | BR27: 2 | BS27: 2.5 | BT27: 2.8 | BU27: =((BR27*0.3)+(BS27*0.4)+(BT27*0.3)) -> 2.44 | BV27: =IF(BU27<3,"BAJO",IF(BU27<4,"BASICO",IF(BU27<4.5,"ALTO",IF(BU27<=5,"SUPERIOR")))) -> BAJO | BW27: 1 | BX27: 2 | BY27: 2 | BZ27: 2 | CA27: =((BX27*0.3)+(BY27*0.4)+(BZ27*0.3)) -> 2 | CB27: =IF(CA27<3,"BAJO",IF(CA27<4,"BASICO",IF(CA27<4.5,"ALTO",IF(CA27<=5,"SUPERIOR")))) -> BAJO | CC27: 1 | CD27: 2 | CE27: 2 | CF27: 2 | CG27: =((CD27*0.3)+(CE27*0.4)+(CF27*0.3)) -> 2 | CH27: =IF(CG27<3,"BAJO",IF(CG27<4,"BASICO",IF(CG27<4.5,"ALTO",IF(CG27<=5,"SUPERIOR")))) -> BAJO | CI27: 1 | CJ27: 4 | CK27: 4 | CL27: 4 | CM27: =((CJ27*0.3)+(CK27*0.4)+(CL27*0.3)) -> 4 | CN27: =IF(CM27<3,"BAJO",IF(CM27<4,"BASICO",IF(CM27<4.5,"ALTO",IF(CM27<=5,"SUPERIOR")))) -> ALTO | CO27: 1 | CP27: 3 | CQ27: 3 | CR27: 3 | CS27: =((CP27*0.3)+(CQ27*0.4)+(CR27*0.3)) -> 3 | CT27: =IF(CS27<3,"BAJO",IF(CS27<4,"BASICO",IF(CS27<4.5,"ALTO",IF(CS27<=5,"SUPERIOR")))) -> BASICO | CU27: 2 | CV27: 2 | CW27: 2 | CX27: 2 | CY27: =((CV27*0.3)+(CW27*0.4)+(CX27*0.3)) -> 2 | CZ27: =IF(CY27<3,"BAJO",IF(CY27<4,"BASICO",IF(CY27<4.5,"ALTO",IF(CY27<=5,"SUPERIOR")))) -> BAJO | DA27: 2 | DB27: 3 | DC27: 3 | DD27: 3 | DE27: =((DB27*0.3)+(DC27*0.4)+(DD27*0.3)) -> 3 | DF27: =IF(DE27<2.95,"BAJO",IF(DE27<3.95,"BASICO",IF(DE27<4.45,"ALTO",IF(DE27<=5,"SUPERIOR")))) -> BASICO | DG27: 0 | DI27: =IF(DH27<3,"BAJO",IF(DH27<4,"BASICO",IF(DH27<4.5,"ALTO",IF(DH27<=5,"SUPERIOR")))) -> BAJO | DJ27: =AVERAGE(M27,Y27,AE27,AK27,AW27,BC27,BI27,BO27,CA27,DE27,DH27,CY27,CS27,CM27,CG27,AQ27,S27) -> 2.7625 | DK27: =$DK$2 -> Comprende el concepto de números reales, su relación de orden y las propiedades de sus operaciones, así como las relaciones de semejanza y congruencia de distintas figuras geométricas. | DL27: =DL26 -> Aplica correctamente las propiedades de las operaciones de números reales y expresiones algebraicas en la resolución de problemas. | DM27: =DM26 -> Valora el uso del pensamiento lógico a la hora de plantear y resolver problemas de las matemáticas y de la vida cotidiana. | DN27: =DN26 -> Reconoce y clasifica variables aleatorias, comprendiendo sus tipos y características; además, interpreta la información presentada en tablas de frecuencias y diagramas estadísticos, explicando su significado en contextos diversos. | DO27: =DO26 -> Organiza y analiza datos mediante la construcción de tablas de frecuencias y diagramas estadísticos, identificando variables aleatorias y utilizando estas representaciones para resolver situaciones problema. | DP27: =DP26 -> Muestra disposición y responsabilidad en el manejo y análisis de datos, participando activamente en actividades individuales y colaborativas, y comunicando información estadística con claridad y sentido crítico. | DQ27: =DQ26 -> Analiza las características de la literatura prehispánica y la literatura del descubrimiento y la conquista en Colombia identificando sus elementos fundamentales y su impacto en la cultura y el lenguaje actual. | DR27: =DR26 -> Realiza comprensión lectora cuando analiza un texto desde el discurso de la Enunciación e identifica la función de cada uno de sus componentes. Responde preguntas en los tres niveles de lectura a una leyenda del Caribe. | DS27: =DS26 -> Muestra disposición para participar activamente en las clases, promoviendo el respeto por las ideas ajenas y reconociendo la importancia de la precisión como una herramienta clave para una comunicación | ... FJ27: =FJ26 -> Identifica y reconoce sus pricipales deberes y derechos dentro y fuera de la Institución educativa.
A28: 27 | B28: MOLINA LAMBRAÑO SAMARA ISABELLA | C28: 1042861185 | D28: 8°A | E28: Yenis María Duncan Ramirez | F28: Mañana | G28: PRIMERO | H28: 2026 | I28: 4 | J28: 2.4 | K28: 2.5 | L28: 2.6 | M28: =((J28*0.3)+(K28*0.4)+(L28*0.3)) -> 2.5 | N28: =IF(M28<3,"BAJO",IF(M28<4,"BASICO",IF(M28<4.5,"ALTO",IF(M28<=5,"SUPERIOR")))) -> BAJO | O28: 1 | P28: 4.2 | Q28: 4.2 | R28: 4.2 | S28: =((P28*0.3)+(Q28*0.4)+(R28*0.3)) -> 4.2 | T28: =IF(S28<3,"BAJO",IF(S28<4,"BASICO",IF(S28<4.5,"ALTO",IF(S28<=5,"SUPERIOR")))) -> ALTO | U28: 4 | V28: 2.5 | W28: 2.5 | X28: 3 | Y28: =((V28*0.3)+(W28*0.4)+(X28*0.3)) -> 2.65 | Z28: =IF(Y28<3,"BAJO",IF(Y28<4,"BASICO",IF(Y28<4.5,"ALTO",IF(Y28<=5,"SUPERIOR")))) -> BAJO | AA28: 1 | AB28: 2.6 | AC28: 2.6 | AD28: 2.6 | AE28: =((AB28*0.3)+(AC28*0.4)+(AD28*0.3)) -> 2.6 | AF28: =IF(AE28<3,"BAJO",IF(AE28<4,"BASICO",IF(AE28<4.5,"ALTO",IF(AE28<=5,"SUPERIOR")))) -> BAJO | AG28: 2 | AH28: 3 | AI28: 3 | AJ28: 3 | AK28: =((AH28*0.3)+(AI28*0.4)+(AJ28*0.3)) -> 3 | AL28: =IF(AK28<3,"BAJO",IF(AK28<4,"BASICO",IF(AK28<4.5,"ALTO",IF(AK28<=5,"SUPERIOR")))) -> BASICO | AM28: 1 | AN28: 3 | AO28: 3 | AP28: 3 | AQ28: =((AN28*0.3)+(AO28*0.4)+(AP28*0.3)) -> 3 | AR28: =IF(AQ28<3,"BAJO",IF(AQ28<4,"BASICO",IF(AQ28<4.5,"ALTO",IF(AQ28<=5,"SUPERIOR")))) -> BASICO | AS28: 4 | AT28: 2 | AU28: 2 | AV28: 2 | AW28: =((AT28*0.3)+(AU28*0.4)+(AV28*0.3)) -> 2 | AX28: =IF(AW28<3,"BAJO",IF(AW28<4,"BASICO",IF(AW28<4.5,"ALTO",IF(AW72<=5,"SUPERIOR")))) -> BAJO | AY28: 1 | AZ28: 4 | BA28: 3.5 | BB28: 3.5 | BC28: =((AZ28*0.3)+(BA28*0.4)+(BB28*0.3)) -> 3.65 | BD28: =IF(BC28<3,"BAJO",IF(BC28<4,"BASICO",IF(BC28<4.5,"ALTO",IF(BC28<=5,"SUPERIOR")))) -> BASICO | BE28: 2 | BF28: 3.3 | BG28: 3.4 | BH28: 3.5 | BI28: =((BF28*0.3)+(BG28*0.4)+(BH28*0.3)) -> 3.4 | BJ28: =IF(BI28<3,"BAJO",IF(BI28<4,"BASICO",IF(BI28<4.5,"ALTO",IF(BI28<=5,"SUPERIOR")))) -> BASICO | BK28: 1 | BL28: 3.3 | BM28: 3.3 | BN28: 3.3 | BO28: =((BL28*0.3)+(BM28*0.4)+(BN28*0.3)) -> 3.3 | BP28: =IF(BO28<3,"BAJO",IF(BO28<4,"BASICO",IF(BO28<4.5,"ALTO",IF(BO28<=5,"SUPERIOR")))) -> BASICO | BQ28: 1 | BR28: 3.3 | BS28: 3.4 | BT28: 3.5 | BU28: =((BR28*0.3)+(BS28*0.4)+(BT28*0.3)) -> 3.4 | BV28: =IF(BU28<3,"BAJO",IF(BU28<4,"BASICO",IF(BU28<4.5,"ALTO",IF(BU28<=5,"SUPERIOR")))) -> BASICO | BW28: 1 | BX28: 2 | BY28: 2 | BZ28: 2 | CA28: =((BX28*0.3)+(BY28*0.4)+(BZ28*0.3)) -> 2 | CB28: =IF(CA28<3,"BAJO",IF(CA28<4,"BASICO",IF(CA28<4.5,"ALTO",IF(CA28<=5,"SUPERIOR")))) -> BAJO | CC28: 1 | CD28: 4 | CE28: 4 | CF28: 4 | CG28: =((CD28*0.3)+(CE28*0.4)+(CF28*0.3)) -> 4 | CH28: =IF(CG28<3,"BAJO",IF(CG28<4,"BASICO",IF(CG28<4.5,"ALTO",IF(CG28<=5,"SUPERIOR")))) -> ALTO | CI28: 1 | CJ28: 4.2 | CK28: 4 | CL28: 4 | CM28: =((CJ28*0.3)+(CK28*0.4)+(CL28*0.3)) -> 4.06 | CN28: =IF(CM28<3,"BAJO",IF(CM28<4,"BASICO",IF(CM28<4.5,"ALTO",IF(CM28<=5,"SUPERIOR")))) -> ALTO | CO28: 1 | CP28: 5 | CQ28: 5 | CR28: 5 | CS28: =((CP28*0.3)+(CQ28*0.4)+(CR28*0.3)) -> 5 | CT28: =IF(CS28<3,"BAJO",IF(CS28<4,"BASICO",IF(CS28<4.5,"ALTO",IF(CS28<=5,"SUPERIOR")))) -> SUPERIOR | CU28: 2 | CV28: 2 | CW28: 2 | CX28: 2 | CY28: =((CV28*0.3)+(CW28*0.4)+(CX28*0.3)) -> 2 | CZ28: =IF(CY28<3,"BAJO",IF(CY28<4,"BASICO",IF(CY28<4.5,"ALTO",IF(CY28<=5,"SUPERIOR")))) -> BAJO | DA28: 2 | DB28: 3 | DC28: 3 | DD28: 3 | DE28: =((DB28*0.3)+(DC28*0.4)+(DD28*0.3)) -> 3 | DF28: =IF(DE28<2.95,"BAJO",IF(DE28<3.95,"BASICO",IF(DE28<4.45,"ALTO",IF(DE28<=5,"SUPERIOR")))) -> BASICO | DG28: 0 | DI28: =IF(DH28<3,"BAJO",IF(DH28<4,"BASICO",IF(DH28<4.5,"ALTO",IF(DH28<=5,"SUPERIOR")))) -> BAJO | DJ28: =AVERAGE(M28,Y28,AE28,AK28,AW28,BC28,BI28,BO28,CA28,DE28,DH28,CY28,CS28,CM28,CG28,AQ28,S28) -> 3.1475 | DK28: =$DK$2 -> Comprende el concepto de números reales, su relación de orden y las propiedades de sus operaciones, así como las relaciones de semejanza y congruencia de distintas figuras geométricas. | DL28: =DL27 -> Aplica correctamente las propiedades de las operaciones de números reales y expresiones algebraicas en la resolución de problemas. | DM28: =DM27 -> Valora el uso del pensamiento lógico a la hora de plantear y resolver problemas de las matemáticas y de la vida cotidiana. | DN28: =DN27 -> Reconoce y clasifica variables aleatorias, comprendiendo sus tipos y características; además, interpreta la información presentada en tablas de frecuencias y diagramas estadísticos, explicando su significado en contextos diversos. | DO28: =DO27 -> Organiza y analiza datos mediante la construcción de tablas de frecuencias y diagramas estadísticos, identificando variables aleatorias y utilizando estas representaciones para resolver situaciones problema. | DP28: =DP27 -> Muestra disposición y responsabilidad en el manejo y análisis de datos, participando activamente en actividades individuales y colaborativas, y comunicando información estadística con claridad y sentido crítico. | DQ28: =DQ27 -> Analiza las características de la literatura prehispánica y la literatura del descubrimiento y la conquista en Colombia identificando sus elementos fundamentales y su impacto en la cultura y el lenguaje actual. | DR28: =DR27 -> Realiza comprensión lectora cuando analiza un texto desde el discurso de la Enunciación e identifica la función de cada uno de sus componentes. Responde preguntas en los tres niveles de lectura a una leyenda del Caribe. | DS28: =DS27 -> Muestra disposición para participar activamente en las clases, promoviendo el respeto por las ideas ajenas y reconociendo la importancia de la precisión como una herramienta clave para una comunicación | ... FJ28: =FJ27 -> Identifica y reconoce sus pricipales deberes y derechos dentro y fuera de la Institución educativa.
A29: 28 | B29: MONTIEL VILLARREAL ANGELYS CAROLINA | C29: N49094291033 | D29: 8°A | E29: Yenis María Duncan Ramirez | F29: Mañana | G29: PRIMERO | H29: 2026 | I29: 4 | J29: 3 | K29: 3.5 | L29: 4 | M29: =((J29*0.3)+(K29*0.4)+(L29*0.3)) -> 3.5 | N29: =IF(M29<3,"BAJO",IF(M29<4,"BASICO",IF(M29<4.5,"ALTO",IF(M29<=5,"SUPERIOR")))) -> BASICO | O29: 1 | P29: 3.8 | Q29: 3.8 | R29: 3.8 | S29: =((P29*0.3)+(Q29*0.4)+(R29*0.3)) -> 3.8 | T29: =IF(S29<3,"BAJO",IF(S29<4,"BASICO",IF(S29<4.5,"ALTO",IF(S29<=5,"SUPERIOR")))) -> BASICO | U29: 4 | V29: 4 | W29: 3.5 | X29: 3.8 | Y29: =((V29*0.3)+(W29*0.4)+(X29*0.3)) -> 3.74 | Z29: =IF(Y29<3,"BAJO",IF(Y29<4,"BASICO",IF(Y29<4.5,"ALTO",IF(Y29<=5,"SUPERIOR")))) -> BASICO | AA29: 1 | AB29: 4.2 | AC29: 4.2 | AD29: 4.2 | AE29: =((AB29*0.3)+(AC29*0.4)+(AD29*0.3)) -> 4.2 | AF29: =IF(AE29<3,"BAJO",IF(AE29<4,"BASICO",IF(AE29<4.5,"ALTO",IF(AE29<=5,"SUPERIOR")))) -> ALTO | AG29: 2 | AH29: 4.5 | AI29: 4.5 | AJ29: 4.5 | AK29: =((AH29*0.3)+(AI29*0.4)+(AJ29*0.3)) -> 4.5 | AL29: =IF(AK29<3,"BAJO",IF(AK29<4,"BASICO",IF(AK29<4.5,"ALTO",IF(AK29<=5,"SUPERIOR")))) -> SUPERIOR | AM29: 1 | AN29: 4.5 | AO29: 4.5 | AP29: 4.5 | AQ29: =((AN29*0.3)+(AO29*0.4)+(AP29*0.3)) -> 4.5 | AR29: =IF(AQ29<3,"BAJO",IF(AQ29<4,"BASICO",IF(AQ29<4.5,"ALTO",IF(AQ29<=5,"SUPERIOR")))) -> SUPERIOR | AS29: 4 | AT29: 4.5 | AU29: 4.5 | AV29: 4.5 | AW29: =((AT29*0.3)+(AU29*0.4)+(AV29*0.3)) -> 4.5 | AX29: =IF(AW29<3,"BAJO",IF(AW29<4,"BASICO",IF(AW29<4.5,"ALTO",IF(AW73<=5,"SUPERIOR")))) -> SUPERIOR | AY29: 1 | AZ29: 3.5 | BA29: 3.8 | BB29: 3.5 | BC29: =((AZ29*0.3)+(BA29*0.4)+(BB29*0.3)) -> 3.62 | BD29: =IF(BC29<3,"BAJO",IF(BC29<4,"BASICO",IF(BC29<4.5,"ALTO",IF(BC29<=5,"SUPERIOR")))) -> BASICO | BE29: 2 | BF29: 4.5 | BG29: 4.5 | BH29: 4.8 | BI29: =((BF29*0.3)+(BG29*0.4)+(BH29*0.3)) -> 4.59 | BJ29: =IF(BI29<3,"BAJO",IF(BI29<4,"BASICO",IF(BI29<4.5,"ALTO",IF(BI29<=5,"SUPERIOR")))) -> SUPERIOR | BK29: 1 | BL29: 4.5 | BM29: 4.5 | BN29: 4.3 | BO29: =((BL29*0.3)+(BM29*0.4)+(BN29*0.3)) -> 4.44 | BP29: =IF(BO29<3,"BAJO",IF(BO29<4,"BASICO",IF(BO29<4.5,"ALTO",IF(BO29<=5,"SUPERIOR")))) -> ALTO | BQ29: 1 | BR29: 4.5 | BS29: 4.5 | BT29: 4.8 | BU29: =((BR29*0.3)+(BS29*0.4)+(BT29*0.3)) -> 4.59 | BV29: =IF(BU29<3,"BAJO",IF(BU29<4,"BASICO",IF(BU29<4.5,"ALTO",IF(BU29<=5,"SUPERIOR")))) -> SUPERIOR | BW29: 1 | BX29: 4.5 | BY29: 4.6 | BZ29: 4.9 | CA29: =((BX29*0.3)+(BY29*0.4)+(BZ29*0.3)) -> 4.66 | CB29: =IF(CA29<3,"BAJO",IF(CA29<4,"BASICO",IF(CA29<4.5,"ALTO",IF(CA29<=5,"SUPERIOR")))) -> SUPERIOR | CC29: 1 | CD29: 4.4 | CE29: 4.2 | CF29: 4.2 | CG29: =((CD29*0.3)+(CE29*0.4)+(CF29*0.3)) -> 4.26 | CH29: =IF(CG29<3,"BAJO",IF(CG29<4,"BASICO",IF(CG29<4.5,"ALTO",IF(CG29<=5,"SUPERIOR")))) -> ALTO | CI29: 1 | CJ29: 4.5 | CK29: 4.5 | CL29: 4.5 | CM29: =((CJ29*0.3)+(CK29*0.4)+(CL29*0.3)) -> 4.5 | CN29: =IF(CM29<3,"BAJO",IF(CM29<4,"BASICO",IF(CM29<4.5,"ALTO",IF(CM29<=5,"SUPERIOR")))) -> SUPERIOR | CO29: 1 | CP29: 5 | CQ29: 5 | CR29: 5 | CS29: =((CP29*0.3)+(CQ29*0.4)+(CR29*0.3)) -> 5 | CT29: =IF(CS29<3,"BAJO",IF(CS29<4,"BASICO",IF(CS29<4.5,"ALTO",IF(CS29<=5,"SUPERIOR")))) -> SUPERIOR | CU29: 2 | CV29: 3 | CW29: 3 | CX29: 3 | CY29: =((CV29*0.3)+(CW29*0.4)+(CX29*0.3)) -> 3 | CZ29: =IF(CY29<3,"BAJO",IF(CY29<4,"BASICO",IF(CY29<4.5,"ALTO",IF(CY29<=5,"SUPERIOR")))) -> BASICO | DA29: 2 | DB29: 3 | DC29: 3 | DD29: 3 | DE29: =((DB29*0.3)+(DC29*0.4)+(DD29*0.3)) -> 3 | DF29: =IF(DE29<2.95,"BAJO",IF(DE29<3.95,"BASICO",IF(DE29<4.45,"ALTO",IF(DE29<=5,"SUPERIOR")))) -> BASICO | DG29: 0 | DI29: =IF(DH29<3,"BAJO",IF(DH29<4,"BASICO",IF(DH29<4.5,"ALTO",IF(DH29<=5,"SUPERIOR")))) -> BAJO | DJ29: =AVERAGE(M29,Y29,AE29,AK29,AW29,BC29,BI29,BO29,CA29,DE29,DH29,CY29,CS29,CM29,CG29,AQ29,S29) -> 4.113125 | DK29: =$DK$2 -> Comprende el concepto de números reales, su relación de orden y las propiedades de sus operaciones, así como las relaciones de semejanza y congruencia de distintas figuras geométricas. | DL29: =DL28 -> Aplica correctamente las propiedades de las operaciones de números reales y expresiones algebraicas en la resolución de problemas. | DM29: =DM28 -> Valora el uso del pensamiento lógico a la hora de plantear y resolver problemas de las matemáticas y de la vida cotidiana. | DN29: =DN28 -> Reconoce y clasifica variables aleatorias, comprendiendo sus tipos y características; además, interpreta la información presentada en tablas de frecuencias y diagramas estadísticos, explicando su significado en contextos diversos. | DO29: =DO28 -> Organiza y analiza datos mediante la construcción de tablas de frecuencias y diagramas estadísticos, identificando variables aleatorias y utilizando estas representaciones para resolver situaciones problema. | DP29: =DP28 -> Muestra disposición y responsabilidad en el manejo y análisis de datos, participando activamente en actividades individuales y colaborativas, y comunicando información estadística con claridad y sentido crítico. | DQ29: =DQ28 -> Analiza las características de la literatura prehispánica y la literatura del descubrimiento y la conquista en Colombia identificando sus elementos fundamentales y su impacto en la cultura y el lenguaje actual. | DR29: =DR28 -> Realiza comprensión lectora cuando analiza un texto desde el discurso de la Enunciación e identifica la función de cada uno de sus componentes. Responde preguntas en los tres niveles de lectura a una leyenda del Caribe. | DS29: =DS28 -> Muestra disposición para participar activamente en las clases, promoviendo el respeto por las ideas ajenas y reconociendo la importancia de la precisión como una herramienta clave para una comunicación | ... FJ29: =FJ28 -> Identifica y reconoce sus pricipales deberes y derechos dentro y fuera de la Institución educativa.
A30: 29 | B30: NAVARRO RODRIGUEZ KAROL MICHELL | C30: 1043166007 | D30: 8°A | E30: Yenis María Duncan Ramirez | F30: Mañana | G30: PRIMERO | H30: 2026 | I30: 4 | J30: 2.4 | K30: 2.5 | L30: 2.6 | M30: =((J30*0.3)+(K30*0.4)+(L30*0.3)) -> 2.5 | N30: =IF(M30<3,"BAJO",IF(M30<4,"BASICO",IF(M30<4.5,"ALTO",IF(M30<=5,"SUPERIOR")))) -> BAJO | O30: 1 | P30: 2.7 | Q30: 2.7 | R30: 2.7 | S30: =((P30*0.3)+(Q30*0.4)+(R30*0.3)) -> 2.7 | T30: =IF(S30<3,"BAJO",IF(S30<4,"BASICO",IF(S30<4.5,"ALTO",IF(S30<=5,"SUPERIOR")))) -> BAJO | U30: 4 | V30: 2.5 | W30: 2.5 | X30: 2.5 | Y30: =((V30*0.3)+(W30*0.4)+(X30*0.3)) -> 2.5 | Z30: =IF(Y30<3,"BAJO",IF(Y30<4,"BASICO",IF(Y30<4.5,"ALTO",IF(Y30<=5,"SUPERIOR")))) -> BAJO | AA30: 1 | AB30: 2.5 | AC30: 2.5 | AD30: 2.5 | AE30: =((AB30*0.3)+(AC30*0.4)+(AD30*0.3)) -> 2.5 | AF30: =IF(AE30<3,"BAJO",IF(AE30<4,"BASICO",IF(AE30<4.5,"ALTO",IF(AE30<=5,"SUPERIOR")))) -> BAJO | AG30: 2 | AH30: 2 | AI30: 3 | AJ30: 3 | AK30: =((AH30*0.3)+(AI30*0.4)+(AJ30*0.3)) -> 2.7 | AL30: =IF(AK30<3,"BAJO",IF(AK30<4,"BASICO",IF(AK30<4.5,"ALTO",IF(AK30<=5,"SUPERIOR")))) -> BAJO | AM30: 1 | AN30: 2 | AO30: 3 | AP30: 3 | AQ30: =((AN30*0.3)+(AO30*0.4)+(AP30*0.3)) -> 2.7 | AR30: =IF(AQ30<3,"BAJO",IF(AQ30<4,"BASICO",IF(AQ30<4.5,"ALTO",IF(AQ30<=5,"SUPERIOR")))) -> BAJO | AS30: 4 | AT30: 2 | AU30: 2 | AV30: 2 | AW30: =((AT30*0.3)+(AU30*0.4)+(AV30*0.3)) -> 2 | AX30: =IF(AW30<3,"BAJO",IF(AW30<4,"BASICO",IF(AW30<4.5,"ALTO",IF(AW74<=5,"SUPERIOR")))) -> BAJO | AY30: 1 | AZ30: 3 | BA30: 3 | BB30: 3 | BC30: =((AZ30*0.3)+(BA30*0.4)+(BB30*0.3)) -> 3 | BD30: =IF(BC30<3,"BAJO",IF(BC30<4,"BASICO",IF(BC30<4.5,"ALTO",IF(BC30<=5,"SUPERIOR")))) -> BASICO | BE30: 2 | BF30: 2.5 | BG30: 2.8 | BH30: 2.5 | BI30: =((BF30*0.3)+(BG30*0.4)+(BH30*0.3)) -> 2.62 | BJ30: =IF(BI30<3,"BAJO",IF(BI30<4,"BASICO",IF(BI30<4.5,"ALTO",IF(BI30<=5,"SUPERIOR")))) -> BAJO | BK30: 1 | BL30: 2.2 | BM30: 2.8 | BN30: 2.6 | BO30: =((BL30*0.3)+(BM30*0.4)+(BN30*0.3)) -> 2.56 | BP30: =IF(BO30<3,"BAJO",IF(BO30<4,"BASICO",IF(BO30<4.5,"ALTO",IF(BO30<=5,"SUPERIOR")))) -> BAJO | BQ30: 1 | BR30: 2.5 | BS30: 2.8 | BT30: 2.6 | BU30: =((BR30*0.3)+(BS30*0.4)+(BT30*0.3)) -> 2.65 | BV30: =IF(BU30<3,"BAJO",IF(BU30<4,"BASICO",IF(BU30<4.5,"ALTO",IF(BU30<=5,"SUPERIOR")))) -> BAJO | BW30: 1 | BX30: 2 | BY30: 2 | BZ30: 2 | CA30: =((BX30*0.3)+(BY30*0.4)+(BZ30*0.3)) -> 2 | CB30: =IF(CA30<3,"BAJO",IF(CA30<4,"BASICO",IF(CA30<4.5,"ALTO",IF(CA30<=5,"SUPERIOR")))) -> BAJO | CC30: 1 | CD30: 2 | CE30: 2 | CF30: 2 | CG30: =((CD30*0.3)+(CE30*0.4)+(CF30*0.3)) -> 2 | CH30: =IF(CG30<3,"BAJO",IF(CG30<4,"BASICO",IF(CG30<4.5,"ALTO",IF(CG30<=5,"SUPERIOR")))) -> BAJO | CI30: 1 | CJ30: 4 | CK30: 4 | CL30: 3.5 | CM30: =((CJ30*0.3)+(CK30*0.4)+(CL30*0.3)) -> 3.85 | CN30: =IF(CM30<3,"BAJO",IF(CM30<4,"BASICO",IF(CM30<4.5,"ALTO",IF(CM30<=5,"SUPERIOR")))) -> BASICO | CO30: 1 | CP30: 5 | CQ30: 5 | CR30: 5 | CS30: =((CP30*0.3)+(CQ30*0.4)+(CR30*0.3)) -> 5 | CT30: =IF(CS30<3,"BAJO",IF(CS30<4,"BASICO",IF(CS30<4.5,"ALTO",IF(CS30<=5,"SUPERIOR")))) -> SUPERIOR | CU30: 2 | CV30: 3 | CW30: 3 | CX30: 3 | CY30: =((CV30*0.3)+(CW30*0.4)+(CX30*0.3)) -> 3 | CZ30: =IF(CY30<3,"BAJO",IF(CY30<4,"BASICO",IF(CY30<4.5,"ALTO",IF(CY30<=5,"SUPERIOR")))) -> BASICO | DA30: 2 | DB30: 2.8 | DC30: 2.8 | DD30: 3.8 | DE30: =((DB30*0.3)+(DC30*0.4)+(DD30*0.3)) -> 3.1 | DF30: =IF(DE30<2.95,"BAJO",IF(DE30<3.95,"BASICO",IF(DE30<4.45,"ALTO",IF(DE30<=5,"SUPERIOR")))) -> BASICO | DG30: 0 | DI30: =IF(DH30<3,"BAJO",IF(DH30<4,"BASICO",IF(DH30<4.5,"ALTO",IF(DH30<=5,"SUPERIOR")))) -> BAJO | DJ30: =AVERAGE(M30,Y30,AE30,AK30,AW30,BC30,BI30,BO30,CA30,DE30,DH30,CY30,CS30,CM30,CG30,AQ30,S30) -> 2.795625 | DK30: =$DK$2 -> Comprende el concepto de números reales, su relación de orden y las propiedades de sus operaciones, así como las relaciones de semejanza y congruencia de distintas figuras geométricas. | DL30: =DL29 -> Aplica correctamente las propiedades de las operaciones de números reales y expresiones algebraicas en la resolución de problemas. | DM30: =DM29 -> Valora el uso del pensamiento lógico a la hora de plantear y resolver problemas de las matemáticas y de la vida cotidiana. | DN30: =DN29 -> Reconoce y clasifica variables aleatorias, comprendiendo sus tipos y características; además, interpreta la información presentada en tablas de frecuencias y diagramas estadísticos, explicando su significado en contextos diversos. | DO30: =DO29 -> Organiza y analiza datos mediante la construcción de tablas de frecuencias y diagramas estadísticos, identificando variables aleatorias y utilizando estas representaciones para resolver situaciones problema. | DP30: =DP29 -> Muestra disposición y responsabilidad en el manejo y análisis de datos, participando activamente en actividades individuales y colaborativas, y comunicando información estadística con claridad y sentido crítico. | DQ30: =DQ29 -> Analiza las características de la literatura prehispánica y la literatura del descubrimiento y la conquista en Colombia identificando sus elementos fundamentales y su impacto en la cultura y el lenguaje actual. | DR30: =DR29 -> Realiza comprensión lectora cuando analiza un texto desde el discurso de la Enunciación e identifica la función de cada uno de sus componentes. Responde preguntas en los tres niveles de lectura a una leyenda del Caribe. | DS30: =DS29 -> Muestra disposición para participar activamente en las clases, promoviendo el respeto por las ideas ajenas y reconociendo la importancia de la precisión como una herramienta clave para una comunicación | ... FJ30: =FJ29 -> Identifica y reconoce sus pricipales deberes y derechos dentro y fuera de la Institución educativa.
A31: 30 | B31: PABON DE AVILA FERLEY DAVID | C31: 1097120471 | D31: 8°A | E31: Yenis María Duncan Ramirez | F31: Mañana | G31: PRIMERO | H31: 2026 | I31: 4 | J31: 3 | K31: 3.1 | L31: 3.2 | M31: =((J31*0.3)+(K31*0.4)+(L31*0.3)) -> 3.1 | N31: =IF(M31<3,"BAJO",IF(M31<4,"BASICO",IF(M31<4.5,"ALTO",IF(M31<=5,"SUPERIOR")))) -> BASICO | O31: 1 | P31: 3.8 | Q31: 3.8 | R31: 3.8 | S31: =((P31*0.3)+(Q31*0.4)+(R31*0.3)) -> 3.8 | T31: =IF(S31<3,"BAJO",IF(S31<4,"BASICO",IF(S31<4.5,"ALTO",IF(S31<=5,"SUPERIOR")))) -> BASICO | U31: 4 | V31: 4 | W31: 4 | X31: 4 | Y31: =((V31*0.3)+(W31*0.4)+(X31*0.3)) -> 4 | Z31: =IF(Y31<3,"BAJO",IF(Y31<4,"BASICO",IF(Y31<4.5,"ALTO",IF(Y31<=5,"SUPERIOR")))) -> ALTO | AA31: 1 | AB31: 3.2 | AC31: 3.2 | AD31: 3.2 | AE31: =((AB31*0.3)+(AC31*0.4)+(AD31*0.3)) -> 3.2 | AF31: =IF(AE31<3,"BAJO",IF(AE31<4,"BASICO",IF(AE31<4.5,"ALTO",IF(AE31<=5,"SUPERIOR")))) -> BASICO | AG31: 2 | AH31: 4 | AI31: 3.5 | AJ31: 3.5 | AK31: =((AH31*0.3)+(AI31*0.4)+(AJ31*0.3)) -> 3.65 | AL31: =IF(AK31<3,"BAJO",IF(AK31<4,"BASICO",IF(AK31<4.5,"ALTO",IF(AK31<=5,"SUPERIOR")))) -> BASICO | AM31: 1 | AN31: 4 | AO31: 3.5 | AP31: 3.5 | AQ31: =((AN31*0.3)+(AO31*0.4)+(AP31*0.3)) -> 3.65 | AR31: =IF(AQ31<3,"BAJO",IF(AQ31<4,"BASICO",IF(AQ31<4.5,"ALTO",IF(AQ31<=5,"SUPERIOR")))) -> BASICO | AS31: 4 | AT31: 3.8 | AU31: 3.8 | AV31: 3.8 | AW31: =((AT31*0.3)+(AU31*0.4)+(AV31*0.3)) -> 3.8 | AX31: =IF(AW31<3,"BAJO",IF(AW31<4,"BASICO",IF(AW31<4.5,"ALTO",IF(AW75<=5,"SUPERIOR")))) -> BASICO | AY31: 1 | AZ31: 4.5 | BA31: 4.5 | BB31: 4.5 | BC31: =((AZ31*0.3)+(BA31*0.4)+(BB31*0.3)) -> 4.5 | BD31: =IF(BC31<3,"BAJO",IF(BC31<4,"BASICO",IF(BC31<4.5,"ALTO",IF(BC31<=5,"SUPERIOR")))) -> SUPERIOR | BE31: 2 | BF31: 3.5 | BG31: 3.3 | BH31: 3.8 | BI31: =((BF31*0.3)+(BG31*0.4)+(BH31*0.3)) -> 3.51 | BJ31: =IF(BI31<3,"BAJO",IF(BI31<4,"BASICO",IF(BI31<4.5,"ALTO",IF(BI31<=5,"SUPERIOR")))) -> BASICO | BK31: 1 | BL31: 3.3 | BM31: 3.8 | BN31: 3.6 | BO31: =((BL31*0.3)+(BM31*0.4)+(BN31*0.3)) -> 3.59 | BP31: =IF(BO31<3,"BAJO",IF(BO31<4,"BASICO",IF(BO31<4.5,"ALTO",IF(BO31<=5,"SUPERIOR")))) -> BASICO | BQ31: 1 | BR31: 3.5 | BS31: 3.4 | BT31: 3.8 | BU31: =((BR31*0.3)+(BS31*0.4)+(BT31*0.3)) -> 3.55 | BV31: =IF(BU31<3,"BAJO",IF(BU31<4,"BASICO",IF(BU31<4.5,"ALTO",IF(BU31<=5,"SUPERIOR")))) -> BASICO | BW31: 1 | BX31: 3.5 | BY31: 3.8 | BZ31: 3.6 | CA31: =((BX31*0.3)+(BY31*0.4)+(BZ31*0.3)) -> 3.65 | CB31: =IF(CA31<3,"BAJO",IF(CA31<4,"BASICO",IF(CA31<4.5,"ALTO",IF(CA31<=5,"SUPERIOR")))) -> BASICO | CC31: 1 | CD31: 4.8 | CE31: 4.8 | CF31: 4.8 | CG31: =((CD31*0.3)+(CE31*0.4)+(CF31*0.3)) -> 4.8 | CH31: =IF(CG31<3,"BAJO",IF(CG31<4,"BASICO",IF(CG31<4.5,"ALTO",IF(CG31<=5,"SUPERIOR")))) -> SUPERIOR | CI31: 1 | CJ31: 4.5 | CK31: 4.5 | CL31: 4 | CM31: =((CJ31*0.3)+(CK31*0.4)+(CL31*0.3)) -> 4.35 | CN31: =IF(CM31<3,"BAJO",IF(CM31<4,"BASICO",IF(CM31<4.5,"ALTO",IF(CM31<=5,"SUPERIOR")))) -> ALTO | CO31: 1 | CP31: 5 | CQ31: 5 | CR31: 5 | CS31: =((CP31*0.3)+(CQ31*0.4)+(CR31*0.3)) -> 5 | CT31: =IF(CS31<3,"BAJO",IF(CS31<4,"BASICO",IF(CS31<4.5,"ALTO",IF(CS31<=5,"SUPERIOR")))) -> SUPERIOR | CU31: 2 | CV31: 3 | CW31: 3 | CX31: 3 | CY31: =((CV31*0.3)+(CW31*0.4)+(CX31*0.3)) -> 3 | CZ31: =IF(CY31<3,"BAJO",IF(CY31<4,"BASICO",IF(CY31<4.5,"ALTO",IF(CY31<=5,"SUPERIOR")))) -> BASICO | DA31: 2 | DB31: 3 | DC31: 3 | DD31: 3 | DE31: =((DB31*0.3)+(DC31*0.4)+(DD31*0.3)) -> 3 | DF31: =IF(DE31<2.95,"BAJO",IF(DE31<3.95,"BASICO",IF(DE31<4.45,"ALTO",IF(DE31<=5,"SUPERIOR")))) -> BASICO | DG31: 0 | DI31: =IF(DH31<3,"BAJO",IF(DH31<4,"BASICO",IF(DH31<4.5,"ALTO",IF(DH31<=5,"SUPERIOR")))) -> BAJO | DJ31: =AVERAGE(M31,Y31,AE31,AK31,AW31,BC31,BI31,BO31,CA31,DE31,DH31,CY31,CS31,CM31,CG31,AQ31,S31) -> 3.7875 | DK31: =$DK$2 -> Comprende el concepto de números reales, su relación de orden y las propiedades de sus operaciones, así como las relaciones de semejanza y congruencia de distintas figuras geométricas. | DL31: =DL30 -> Aplica correctamente las propiedades de las operaciones de números reales y expresiones algebraicas en la resolución de problemas. | DM31: =DM30 -> Valora el uso del pensamiento lógico a la hora de plantear y resolver problemas de las matemáticas y de la vida cotidiana. | DN31: =DN30 -> Reconoce y clasifica variables aleatorias, comprendiendo sus tipos y características; además, interpreta la información presentada en tablas de frecuencias y diagramas estadísticos, explicando su significado en contextos diversos. | DO31: =DO30 -> Organiza y analiza datos mediante la construcción de tablas de frecuencias y diagramas estadísticos, identificando variables aleatorias y utilizando estas representaciones para resolver situaciones problema. | DP31: =DP30 -> Muestra disposición y responsabilidad en el manejo y análisis de datos, participando activamente en actividades individuales y colaborativas, y comunicando información estadística con claridad y sentido crítico. | DQ31: =DQ30 -> Analiza las características de la literatura prehispánica y la literatura del descubrimiento y la conquista en Colombia identificando sus elementos fundamentales y su impacto en la cultura y el lenguaje actual. | DR31: =DR30 -> Realiza comprensión lectora cuando analiza un texto desde el discurso de la Enunciación e identifica la función de cada uno de sus componentes. Responde preguntas en los tres niveles de lectura a una leyenda del Caribe. | DS31: =DS30 -> Muestra disposición para participar activamente en las clases, promoviendo el respeto por las ideas ajenas y reconociendo la importancia de la precisión como una herramienta clave para una comunicación | ... FJ31: =FJ30 -> Identifica y reconoce sus pricipales deberes y derechos dentro y fuera de la Institución educativa.
A32: 31 | B32: PACHECO MARENCO THALYANA | C32: 1044647612 | D32: 8°A | E32: Yenis María Duncan Ramirez | F32: Mañana | G32: PRIMERO | H32: 2026 | I32: 4 | J32: 3 | K32: 3 | L32: 3 | M32: =((J32*0.3)+(K32*0.4)+(L32*0.3)) -> 3 | N32: =IF(M32<3,"BAJO",IF(M32<4,"BASICO",IF(M32<4.5,"ALTO",IF(M32<=5,"SUPERIOR")))) -> BASICO | O32: 1 | P32: 2.3 | Q32: 2.3 | R32: 2.3 | S32: =((P32*0.3)+(Q32*0.4)+(R32*0.3)) -> 2.3 | T32: =IF(S32<3,"BAJO",IF(S32<4,"BASICO",IF(S32<4.5,"ALTO",IF(S32<=5,"SUPERIOR")))) -> BAJO | U32: 4 | V32: 2.8 | W32: 2.5 | X32: 3.5 | Y32: =((V32*0.3)+(W32*0.4)+(X32*0.3)) -> 2.89 | Z32: =IF(Y32<3,"BAJO",IF(Y32<4,"BASICO",IF(Y32<4.5,"ALTO",IF(Y32<=5,"SUPERIOR")))) -> BAJO | AA32: 1 | AB32: 3.7 | AC32: 3.7 | AD32: 3.7 | AE32: =((AB32*0.3)+(AC32*0.4)+(AD32*0.3)) -> 3.7 | AF32: =IF(AE32<3,"BAJO",IF(AE32<4,"BASICO",IF(AE32<4.5,"ALTO",IF(AE32<=5,"SUPERIOR")))) -> BASICO | AG32: 2 | AH32: 3 | AI32: 3 | AJ32: 3 | AK32: =((AH32*0.3)+(AI32*0.4)+(AJ32*0.3)) -> 3 | AL32: =IF(AK32<3,"BAJO",IF(AK32<4,"BASICO",IF(AK32<4.5,"ALTO",IF(AK32<=5,"SUPERIOR")))) -> BASICO | AM32: 1 | AN32: 3 | AO32: 3 | AP32: 3 | AQ32: =((AN32*0.3)+(AO32*0.4)+(AP32*0.3)) -> 3 | AR32: =IF(AQ32<3,"BAJO",IF(AQ32<4,"BASICO",IF(AQ32<4.5,"ALTO",IF(AQ32<=5,"SUPERIOR")))) -> BASICO | AS32: 4 | AT32: 3 | AU32: 3 | AV32: 3 | AW32: =((AT32*0.3)+(AU32*0.4)+(AV32*0.3)) -> 3 | AX32: =IF(AW32<3,"BAJO",IF(AW32<4,"BASICO",IF(AW32<4.5,"ALTO",IF(AW76<=5,"SUPERIOR")))) -> BASICO | AY32: 1 | AZ32: 5 | BA32: 4.5 | BB32: 4.5 | BC32: =((AZ32*0.3)+(BA32*0.4)+(BB32*0.3)) -> 4.65 | BD32: =IF(BC32<3,"BAJO",IF(BC32<4,"BASICO",IF(BC32<4.5,"ALTO",IF(BC32<=5,"SUPERIOR")))) -> SUPERIOR | BE32: 2 | BF32: 3.3 | BG32: 3.3 | BH32: 3.4 | BI32: =((BF32*0.3)+(BG32*0.4)+(BH32*0.3)) -> 3.33 | BJ32: =IF(BI32<3,"BAJO",IF(BI32<4,"BASICO",IF(BI32<4.5,"ALTO",IF(BI32<=5,"SUPERIOR")))) -> BASICO | BK32: 1 | BL32: 3.2 | BM32: 3.3 | BN32: 3.2 | BO32: =((BL32*0.3)+(BM32*0.4)+(BN32*0.3)) -> 3.24 | BP32: =IF(BO32<3,"BAJO",IF(BO32<4,"BASICO",IF(BO32<4.5,"ALTO",IF(BO32<=5,"SUPERIOR")))) -> BASICO | BQ32: 1 | BR32: 3.4 | BS32: 3.3 | BT32: 3.2 | BU32: =((BR32*0.3)+(BS32*0.4)+(BT32*0.3)) -> 3.3 | BV32: =IF(BU32<3,"BAJO",IF(BU32<4,"BASICO",IF(BU32<4.5,"ALTO",IF(BU32<=5,"SUPERIOR")))) -> BASICO | BW32: 1 | BX32: 2 | BY32: 2 | BZ32: 2 | CA32: =((BX32*0.3)+(BY32*0.4)+(BZ32*0.3)) -> 2 | CB32: =IF(CA32<3,"BAJO",IF(CA32<4,"BASICO",IF(CA32<4.5,"ALTO",IF(CA32<=5,"SUPERIOR")))) -> BAJO | CC32: 1 | CD32: 2 | CE32: 2 | CF32: 2 | CG32: =((CD32*0.3)+(CE32*0.4)+(CF32*0.3)) -> 2 | CH32: =IF(CG32<3,"BAJO",IF(CG32<4,"BASICO",IF(CG32<4.5,"ALTO",IF(CG32<=5,"SUPERIOR")))) -> BAJO | CI32: 1 | CJ32: 4 | CK32: 4 | CL32: 4 | CM32: =((CJ32*0.3)+(CK32*0.4)+(CL32*0.3)) -> 4 | CN32: =IF(CM32<3,"BAJO",IF(CM32<4,"BASICO",IF(CM32<4.5,"ALTO",IF(CM32<=5,"SUPERIOR")))) -> ALTO | CO32: 1 | CP32: 5 | CQ32: 5 | CR32: 5 | CS32: =((CP32*0.3)+(CQ32*0.4)+(CR32*0.3)) -> 5 | CT32: =IF(CS32<3,"BAJO",IF(CS32<4,"BASICO",IF(CS32<4.5,"ALTO",IF(CS32<=5,"SUPERIOR")))) -> SUPERIOR | CU32: 2 | CV32: 2 | CW32: 2 | CX32: 2 | CY32: =((CV32*0.3)+(CW32*0.4)+(CX32*0.3)) -> 2 | CZ32: =IF(CY32<3,"BAJO",IF(CY32<4,"BASICO",IF(CY32<4.5,"ALTO",IF(CY32<=5,"SUPERIOR")))) -> BAJO | DA32: 2 | DB32: 3 | DC32: 3 | DD32: 3 | DE32: =((DB32*0.3)+(DC32*0.4)+(DD32*0.3)) -> 3 | DF32: =IF(DE32<2.95,"BAJO",IF(DE32<3.95,"BASICO",IF(DE32<4.45,"ALTO",IF(DE32<=5,"SUPERIOR")))) -> BASICO | DG32: 0 | DI32: =IF(DH32<3,"BAJO",IF(DH32<4,"BASICO",IF(DH32<4.5,"ALTO",IF(DH32<=5,"SUPERIOR")))) -> BAJO | DJ32: =AVERAGE(M32,Y32,AE32,AK32,AW32,BC32,BI32,BO32,CA32,DE32,DH32,CY32,CS32,CM32,CG32,AQ32,S32) -> 3.131875 | DK32: =$DK$2 -> Comprende el concepto de números reales, su relación de orden y las propiedades de sus operaciones, así como las relaciones de semejanza y congruencia de distintas figuras geométricas. | DL32: =DL31 -> Aplica correctamente las propiedades de las operaciones de números reales y expresiones algebraicas en la resolución de problemas. | DM32: =DM31 -> Valora el uso del pensamiento lógico a la hora de plantear y resolver problemas de las matemáticas y de la vida cotidiana. | DN32: =DN31 -> Reconoce y clasifica variables aleatorias, comprendiendo sus tipos y características; además, interpreta la información presentada en tablas de frecuencias y diagramas estadísticos, explicando su significado en contextos diversos. | DO32: =DO31 -> Organiza y analiza datos mediante la construcción de tablas de frecuencias y diagramas estadísticos, identificando variables aleatorias y utilizando estas representaciones para resolver situaciones problema. | DP32: =DP31 -> Muestra disposición y responsabilidad en el manejo y análisis de datos, participando activamente en actividades individuales y colaborativas, y comunicando información estadística con claridad y sentido crítico. | DQ32: =DQ31 -> Analiza las características de la literatura prehispánica y la literatura del descubrimiento y la conquista en Colombia identificando sus elementos fundamentales y su impacto en la cultura y el lenguaje actual. | DR32: =DR31 -> Realiza comprensión lectora cuando analiza un texto desde el discurso de la Enunciación e identifica la función de cada uno de sus componentes. Responde preguntas en los tres niveles de lectura a una leyenda del Caribe. | DS32: =DS31 -> Muestra disposición para participar activamente en las clases, promoviendo el respeto por las ideas ajenas y reconociendo la importancia de la precisión como una herramienta clave para una comunicación | ... FJ32: =FJ31 -> Identifica y reconoce sus pricipales deberes y derechos dentro y fuera de la Institución educativa.
A33: 32 | B33: PACHECO RAMIREZ DANIEL HENRY | C33: 1143248227 | D33: 8°A | E33: Yenis María Duncan Ramirez | F33: Mañana | G33: PRIMERO | H33: 2026 | I33: 4 | J33: 4 | K33: 4.3 | L33: 4.6 | M33: =((J33*0.3)+(K33*0.4)+(L33*0.3)) -> 4.3 | N33: =IF(M33<3,"BAJO",IF(M33<4,"BASICO",IF(M33<4.5,"ALTO",IF(M33<=5,"SUPERIOR")))) -> ALTO | O33: 1 | P33: 3.6 | Q33: 3.6 | R33: 3.6 | S33: =((P33*0.3)+(Q33*0.4)+(R33*0.3)) -> 3.6 | T33: =IF(S33<3,"BAJO",IF(S33<4,"BASICO",IF(S33<4.5,"ALTO",IF(S33<=5,"SUPERIOR")))) -> BASICO | U33: 4 | V33: 3.5 | W33: 3.8 | X33: 4 | Y33: =((V33*0.3)+(W33*0.4)+(X33*0.3)) -> 3.77 | Z33: =IF(Y33<3,"BAJO",IF(Y33<4,"BASICO",IF(Y33<4.5,"ALTO",IF(Y33<=5,"SUPERIOR")))) -> BASICO | AA33: 1 | AB33: 3.7 | AC33: 3.7 | AD33: 3.7 | AE33: =((AB33*0.3)+(AC33*0.4)+(AD33*0.3)) -> 3.7 | AF33: =IF(AE33<3,"BAJO",IF(AE33<4,"BASICO",IF(AE33<4.5,"ALTO",IF(AE33<=5,"SUPERIOR")))) -> BASICO | AG33: 2 | AH33: 3.5 | AI33: 3.5 | AJ33: 3.5 | AK33: =((AH33*0.3)+(AI33*0.4)+(AJ33*0.3)) -> 3.5 | AL33: =IF(AK33<3,"BAJO",IF(AK33<4,"BASICO",IF(AK33<4.5,"ALTO",IF(AK33<=5,"SUPERIOR")))) -> BASICO | AM33: 1 | AN33: 3.5 | AO33: 3.5 | AP33: 3.5 | AQ33: =((AN33*0.3)+(AO33*0.4)+(AP33*0.3)) -> 3.5 | AR33: =IF(AQ33<3,"BAJO",IF(AQ33<4,"BASICO",IF(AQ33<4.5,"ALTO",IF(AQ33<=5,"SUPERIOR")))) -> BASICO | AS33: 4 | AT33: 4.2 | AU33: 4.2 | AV33: 4.2 | AW33: =((AT33*0.3)+(AU33*0.4)+(AV33*0.3)) -> 4.2 | AX33: =IF(AW33<3,"BAJO",IF(AW33<4,"BASICO",IF(AW33<4.5,"ALTO",IF(AW77<=5,"SUPERIOR")))) -> ALTO | AY33: 1 | AZ33: 4.5 | BA33: 4 | BB33: 4 | BC33: =((AZ33*0.3)+(BA33*0.4)+(BB33*0.3)) -> 4.15 | BD33: =IF(BC33<3,"BAJO",IF(BC33<4,"BASICO",IF(BC33<4.5,"ALTO",IF(BC33<=5,"SUPERIOR")))) -> ALTO | BE33: 2 | BF33: 3.4 | BG33: 3.6 | BH33: 3.8 | BI33: 3.3 | BJ33: =IF(BI33<3,"BAJO",IF(BI33<4,"BASICO",IF(BI33<4.5,"ALTO",IF(BI33<=5,"SUPERIOR")))) -> BASICO | BK33: 1 | BL33: 3.5 | BM33: 3.6 | BN33: 3.5 | BO33: =((BL33*0.3)+(BM33*0.4)+(BN33*0.3)) -> 3.54 | BP33: =IF(BO33<3,"BAJO",IF(BO33<4,"BASICO",IF(BO33<4.5,"ALTO",IF(BO33<=5,"SUPERIOR")))) -> BASICO | BQ33: 1 | BR33: 3.3 | BS33: 3.8 | BT33: 3.7 | BU33: =((BR33*0.3)+(BS33*0.4)+(BT33*0.3)) -> 3.62 | BV33: =IF(BU33<3,"BAJO",IF(BU33<4,"BASICO",IF(BU33<4.5,"ALTO",IF(BU33<=5,"SUPERIOR")))) -> BASICO | BW33: 1 | BX33: 2 | BY33: 2 | BZ33: 2 | CA33: =((BX33*0.3)+(BY33*0.4)+(BZ33*0.3)) -> 2 | CB33: =IF(CA33<3,"BAJO",IF(CA33<4,"BASICO",IF(CA33<4.5,"ALTO",IF(CA33<=5,"SUPERIOR")))) -> BAJO | CC33: 1 | CD33: 3.8 | CE33: 3.8 | CF33: 3.8 | CG33: =((CD33*0.3)+(CE33*0.4)+(CF33*0.3)) -> 3.8 | CH33: =IF(CG33<3,"BAJO",IF(CG33<4,"BASICO",IF(CG33<4.5,"ALTO",IF(CG33<=5,"SUPERIOR")))) -> BASICO | CI33: 1 | CJ33: 4.2 | CK33: 4 | CL33: 4 | CM33: =((CJ33*0.3)+(CK33*0.4)+(CL33*0.3)) -> 4.06 | CN33: =IF(CM33<3,"BAJO",IF(CM33<4,"BASICO",IF(CM33<4.5,"ALTO",IF(CM33<=5,"SUPERIOR")))) -> ALTO | CO33: 1 | CP33: 5 | CQ33: 5 | CR33: 5 | CS33: =((CP33*0.3)+(CQ33*0.4)+(CR33*0.3)) -> 5 | CT33: =IF(CS33<3,"BAJO",IF(CS33<4,"BASICO",IF(CS33<4.5,"ALTO",IF(CS33<=5,"SUPERIOR")))) -> SUPERIOR | CU33: 2 | CV33: 3 | CW33: 3 | CX33: 3 | CY33: =((CV33*0.3)+(CW33*0.4)+(CX33*0.3)) -> 3 | CZ33: =IF(CY33<3,"BAJO",IF(CY33<4,"BASICO",IF(CY33<4.5,"ALTO",IF(CY33<=5,"SUPERIOR")))) -> BASICO | DA33: 2 | DB33: 3 | DC33: 3 | DD33: 3 | DE33: =((DB33*0.3)+(DC33*0.4)+(DD33*0.3)) -> 3 | DF33: =IF(DE33<2.95,"BAJO",IF(DE33<3.95,"BASICO",IF(DE33<4.45,"ALTO",IF(DE33<=5,"SUPERIOR")))) -> BASICO | DG33: 0 | DI33: =IF(DH33<3,"BAJO",IF(DH33<4,"BASICO",IF(DH33<4.5,"ALTO",IF(DH33<=5,"SUPERIOR")))) -> BAJO | DJ33: =AVERAGE(M33,Y33,AE33,AK33,AW33,BC33,BI33,BO33,CA33,DE33,DH33,CY33,CS33,CM33,CG33,AQ33,S33) -> 3.65125 | DK33: =$DK$2 -> Comprende el concepto de números reales, su relación de orden y las propiedades de sus operaciones, así como las relaciones de semejanza y congruencia de distintas figuras geométricas. | DL33: =DL32 -> Aplica correctamente las propiedades de las operaciones de números reales y expresiones algebraicas en la resolución de problemas. | DM33: =DM32 -> Valora el uso del pensamiento lógico a la hora de plantear y resolver problemas de las matemáticas y de la vida cotidiana. | DN33: =DN32 -> Reconoce y clasifica variables aleatorias, comprendiendo sus tipos y características; además, interpreta la información presentada en tablas de frecuencias y diagramas estadísticos, explicando su significado en contextos diversos. | DO33: =DO32 -> Organiza y analiza datos mediante la construcción de tablas de frecuencias y diagramas estadísticos, identificando variables aleatorias y utilizando estas representaciones para resolver situaciones problema. | DP33: =DP32 -> Muestra disposición y responsabilidad en el manejo y análisis de datos, participando activamente en actividades individuales y colaborativas, y comunicando información estadística con claridad y sentido crítico. | DQ33: =DQ32 -> Analiza las características de la literatura prehispánica y la literatura del descubrimiento y la conquista en Colombia identificando sus elementos fundamentales y su impacto en la cultura y el lenguaje actual. | DR33: =DR32 -> Realiza comprensión lectora cuando analiza un texto desde el discurso de la Enunciación e identifica la función de cada uno de sus componentes. Responde preguntas en los tres niveles de lectura a una leyenda del Caribe. | DS33: =DS32 -> Muestra disposición para participar activamente en las clases, promoviendo el respeto por las ideas ajenas y reconociendo la importancia de la precisión como una herramienta clave para una comunicación | ... FJ33: =FJ32 -> Identifica y reconoce sus pricipales deberes y derechos dentro y fuera de la Institución educativa.
A34: 33 | B34: PALOMINO GARNICA SEBASTIAN DAVID | C34: 1043689160 | D34: 8°A | E34: Yenis María Duncan Ramirez | F34: Mañana | G34: PRIMERO | H34: 2026 | I34: 4 | J34: 3 | K34: 3 | L34: 3 | M34: =((J34*0.3)+(K34*0.4)+(L34*0.3)) -> 3 | N34: =IF(M34<3,"BAJO",IF(M34<4,"BASICO",IF(M34<4.5,"ALTO",IF(M34<=5,"SUPERIOR")))) -> BASICO | O34: 1 | P34: 3 | Q34: 3 | R34: 3 | S34: =((P34*0.3)+(Q34*0.4)+(R34*0.3)) -> 3 | T34: =IF(S34<3,"BAJO",IF(S34<4,"BASICO",IF(S34<4.5,"ALTO",IF(S34<=5,"SUPERIOR")))) -> BASICO | U34: 4 | V34: 3.8 | W34: 3.5 | X34: 3.5 | Y34: =((V34*0.3)+(W34*0.4)+(X34*0.3)) -> 3.59 | Z34: =IF(Y34<3,"BAJO",IF(Y34<4,"BASICO",IF(Y34<4.5,"ALTO",IF(Y34<=5,"SUPERIOR")))) -> BASICO | AA34: 1 | AB34: 3.3 | AC34: 3.3 | AD34: 3.3 | AE34: =((AB34*0.3)+(AC34*0.4)+(AD34*0.3)) -> 3.3 | AF34: =IF(AE34<3,"BAJO",IF(AE34<4,"BASICO",IF(AE34<4.5,"ALTO",IF(AE34<=5,"SUPERIOR")))) -> BASICO | AG34: 2 | AH34: 3.5 | AI34: 3.5 | AJ34: 3.5 | AK34: =((AH34*0.3)+(AI34*0.4)+(AJ34*0.3)) -> 3.5 | AL34: =IF(AK34<3,"BAJO",IF(AK34<4,"BASICO",IF(AK34<4.5,"ALTO",IF(AK34<=5,"SUPERIOR")))) -> BASICO | AM34: 1 | AN34: 3.5 | AO34: 3.5 | AP34: 3.5 | AQ34: =((AN34*0.3)+(AO34*0.4)+(AP34*0.3)) -> 3.5 | AR34: =IF(AQ34<3,"BAJO",IF(AQ34<4,"BASICO",IF(AQ34<4.5,"ALTO",IF(AQ34<=5,"SUPERIOR")))) -> BASICO | AS34: 4 | AT34: 3.5 | AU34: 3.5 | AV34: 3.5 | AW34: =((AT34*0.3)+(AU34*0.4)+(AV34*0.3)) -> 3.5 | AX34: =IF(AW34<3,"BAJO",IF(AW34<4,"BASICO",IF(AW34<4.5,"ALTO",IF(AW78<=5,"SUPERIOR")))) -> BASICO | AY34: 1 | AZ34: 4 | BA34: 3.8 | BB34: 3.8 | BC34: =((AZ34*0.3)+(BA34*0.4)+(BB34*0.3)) -> 3.86 | BD34: =IF(BC34<3,"BAJO",IF(BC34<4,"BASICO",IF(BC34<4.5,"ALTO",IF(BC34<=5,"SUPERIOR")))) -> BASICO | BE34: 2 | BF34: 3.2 | BG34: 3.3 | BH34: 3.5 | BI34: =((BF34*0.3)+(BG34*0.4)+(BH34*0.3)) -> 3.33 | BJ34: =IF(BI34<3,"BAJO",IF(BI34<4,"BASICO",IF(BI34<4.5,"ALTO",IF(BI34<=5,"SUPERIOR")))) -> BASICO | BK34: 1 | BL34: 3.3 | BM34: 3.2 | BN34: 3.4 | BO34: =((BL34*0.3)+(BM34*0.4)+(BN34*0.3)) -> 3.29 | BP34: =IF(BO34<3,"BAJO",IF(BO34<4,"BASICO",IF(BO34<4.5,"ALTO",IF(BO34<=5,"SUPERIOR")))) -> BASICO | BQ34: 1 | BR34: 3.3 | BS34: 3.4 | BT34: 3.2 | BU34: =((BR34*0.3)+(BS34*0.4)+(BT34*0.3)) -> 3.31 | BV34: =IF(BU34<3,"BAJO",IF(BU34<4,"BASICO",IF(BU34<4.5,"ALTO",IF(BU34<=5,"SUPERIOR")))) -> BASICO | BW34: 1 | BX34: 2 | BY34: 2 | BZ34: 2 | CA34: =((BX34*0.3)+(BY34*0.4)+(BZ34*0.3)) -> 2 | CB34: =IF(CA34<3,"BAJO",IF(CA34<4,"BASICO",IF(CA34<4.5,"ALTO",IF(CA34<=5,"SUPERIOR")))) -> BAJO | CC34: 1 | CD34: 3.7 | CE34: 3.8 | CF34: 3.8 | CG34: =((CD34*0.3)+(CE34*0.4)+(CF34*0.3)) -> 3.77 | CH34: =IF(CG34<3,"BAJO",IF(CG34<4,"BASICO",IF(CG34<4.5,"ALTO",IF(CG34<=5,"SUPERIOR")))) -> BASICO | CI34: 1 | CJ34: 3.8 | CK34: 3.8 | CL34: 3.5 | CM34: =((CJ34*0.3)+(CK34*0.4)+(CL34*0.3)) -> 3.71 | CN34: =IF(CM34<3,"BAJO",IF(CM34<4,"BASICO",IF(CM34<4.5,"ALTO",IF(CM34<=5,"SUPERIOR")))) -> BASICO | CO34: 1 | CP34: 5 | CQ34: 5 | CR34: 5 | CS34: =((CP34*0.3)+(CQ34*0.4)+(CR34*0.3)) -> 5 | CT34: =IF(CS34<3,"BAJO",IF(CS34<4,"BASICO",IF(CS34<4.5,"ALTO",IF(CS34<=5,"SUPERIOR")))) -> SUPERIOR | CU34: 2 | CV34: 4.5 | CW34: 4.5 | CX34: 4.5 | CY34: =((CV34*0.3)+(CW34*0.4)+(CX34*0.3)) -> 4.5 | CZ34: =IF(CY34<3,"BAJO",IF(CY34<4,"BASICO",IF(CY34<4.5,"ALTO",IF(CY34<=5,"SUPERIOR")))) -> SUPERIOR | DA34: 2 | DB34: 4 | DC34: 4 | DD34: 3.5 | DE34: =((DB34*0.3)+(DC34*0.4)+(DD34*0.3)) -> 3.85 | DF34: =IF(DE34<2.95,"BAJO",IF(DE34<3.95,"BASICO",IF(DE34<4.45,"ALTO",IF(DE34<=5,"SUPERIOR")))) -> BASICO | DG34: 0 | DI34: =IF(DH34<3,"BAJO",IF(DH34<4,"BASICO",IF(DH34<4.5,"ALTO",IF(DH34<=5,"SUPERIOR")))) -> BAJO | DJ34: =AVERAGE(M34,Y34,AE34,AK34,AW34,BC34,BI34,BO34,CA34,DE34,DH34,CY34,CS34,CM34,CG34,AQ34,S34) -> 3.54375 | DK34: =$DK$2 -> Comprende el concepto de números reales, su relación de orden y las propiedades de sus operaciones, así como las relaciones de semejanza y congruencia de distintas figuras geométricas. | DL34: =DL33 -> Aplica correctamente las propiedades de las operaciones de números reales y expresiones algebraicas en la resolución de problemas. | DM34: =DM33 -> Valora el uso del pensamiento lógico a la hora de plantear y resolver problemas de las matemáticas y de la vida cotidiana. | DN34: =DN33 -> Reconoce y clasifica variables aleatorias, comprendiendo sus tipos y características; además, interpreta la información presentada en tablas de frecuencias y diagramas estadísticos, explicando su significado en contextos diversos. | DO34: =DO33 -> Organiza y analiza datos mediante la construcción de tablas de frecuencias y diagramas estadísticos, identificando variables aleatorias y utilizando estas representaciones para resolver situaciones problema. | DP34: =DP33 -> Muestra disposición y responsabilidad en el manejo y análisis de datos, participando activamente en actividades individuales y colaborativas, y comunicando información estadística con claridad y sentido crítico. | DQ34: =DQ33 -> Analiza las características de la literatura prehispánica y la literatura del descubrimiento y la conquista en Colombia identificando sus elementos fundamentales y su impacto en la cultura y el lenguaje actual. | DR34: =DR33 -> Realiza comprensión lectora cuando analiza un texto desde el discurso de la Enunciación e identifica la función de cada uno de sus componentes. Responde preguntas en los tres niveles de lectura a una leyenda del Caribe. | DS34: =DS33 -> Muestra disposición para participar activamente en las clases, promoviendo el respeto por las ideas ajenas y reconociendo la importancia de la precisión como una herramienta clave para una comunicación | ... FJ34: =FJ33 -> Identifica y reconoce sus pricipales deberes y derechos dentro y fuera de la Institución educativa.
A35: 34 | B35: RANGEL DE LA ROSA DANNA NICOLLE | C35: 1044638140 | D35: 8°A | E35: Yenis María Duncan Ramirez | F35: Mañana | G35: PRIMERO | H35: 2026 | I35: 4 | M35: =((J35*0.3)+(K35*0.4)+(L35*0.3)) -> 0 | N35: =IF(M35<3,"BAJO",IF(M35<4,"BASICO",IF(M35<4.5,"ALTO",IF(M35<=5,"SUPERIOR")))) -> BAJO | O35: 1 | S35: =((P35*0.3)+(Q35*0.4)+(R35*0.3)) -> 0 | T35: =IF(S35<3,"BAJO",IF(S35<4,"BASICO",IF(S35<4.5,"ALTO",IF(S35<=5,"SUPERIOR")))) -> BAJO | U35: 4 | Y35: =((V35*0.3)+(W35*0.4)+(X35*0.3)) -> 0 | Z35: =IF(Y35<3,"BAJO",IF(Y35<4,"BASICO",IF(Y35<4.5,"ALTO",IF(Y35<=5,"SUPERIOR")))) -> BAJO | AA35: 1 | AE35: =((AB35*0.3)+(AC35*0.4)+(AD35*0.3)) -> 0 | AF35: =IF(AE35<3,"BAJO",IF(AE35<4,"BASICO",IF(AE35<4.5,"ALTO",IF(AE35<=5,"SUPERIOR")))) -> BAJO | AG35: 2 | AK35: =((AH35*0.3)+(AI35*0.4)+(AJ35*0.3)) -> 0 | AL35: =IF(AK35<3,"BAJO",IF(AK35<4,"BASICO",IF(AK35<4.5,"ALTO",IF(AK35<=5,"SUPERIOR")))) -> BAJO | AM35: 1 | AQ35: =((AN35*0.3)+(AO35*0.4)+(AP35*0.3)) -> 0 | AR35: =IF(AQ35<3,"BAJO",IF(AQ35<4,"BASICO",IF(AQ35<4.5,"ALTO",IF(AQ35<=5,"SUPERIOR")))) -> BAJO | AS35: 4 | AW35: =((AT35*0.3)+(AU35*0.4)+(AV35*0.3)) -> 0 | AX35: =IF(AW35<3,"BAJO",IF(AW35<4,"BASICO",IF(AW35<4.5,"ALTO",IF(AW79<=5,"SUPERIOR")))) -> BAJO | AY35: 1 | BC35: =((AZ35*0.3)+(BA35*0.4)+(BB35*0.3)) -> 0 | BD35: =IF(BC35<3,"BAJO",IF(BC35<4,"BASICO",IF(BC35<4.5,"ALTO",IF(BC35<=5,"SUPERIOR")))) -> BAJO | BE35: 2 | BJ35: =IF(BI35<3,"BAJO",IF(BI35<4,"BASICO",IF(BI35<4.5,"ALTO",IF(BI35<=5,"SUPERIOR")))) -> BAJO | BK35: 1 | BP35: =IF(BO35<3,"BAJO",IF(BO35<4,"BASICO",IF(BO35<4.5,"ALTO",IF(BO35<=5,"SUPERIOR")))) -> BAJO | BQ35: 1 | BV35: =IF(BU35<3,"BAJO",IF(BU35<4,"BASICO",IF(BU35<4.5,"ALTO",IF(BU35<=5,"SUPERIOR")))) -> BAJO | BW35: 1 | CC35: 1 | CG35: =((CD35*0.3)+(CE35*0.4)+(CF35*0.3)) -> 0 | CH35: =IF(CG35<3,"BAJO",IF(CG35<4,"BASICO",IF(CG35<4.5,"ALTO",IF(CG35<=5,"SUPERIOR")))) -> BAJO | CI35: 1 | CM35: =((CJ35*0.3)+(CK35*0.4)+(CL35*0.3)) -> 0 | CN35: =IF(CM35<3,"BAJO",IF(CM35<4,"BASICO",IF(CM35<4.5,"ALTO",IF(CM35<=5,"SUPERIOR")))) -> BAJO | CO35: 1 | CS35: =((CP35*0.3)+(CQ35*0.4)+(CR35*0.3)) -> 0 | CT35: =IF(CS35<3,"BAJO",IF(CS35<4,"BASICO",IF(CS35<4.5,"ALTO",IF(CS35<=5,"SUPERIOR")))) -> BAJO | CU35: 2 | CY35: =((CV35*0.3)+(CW35*0.4)+(CX35*0.3)) -> 0 | CZ35: =IF(CY35<3,"BAJO",IF(CY35<4,"BASICO",IF(CY35<4.5,"ALTO",IF(CY35<=5,"SUPERIOR")))) -> BAJO | DA35: 2 | DE35: =((DB35*0.3)+(DC35*0.4)+(DD35*0.3)) -> 0 | DF35: =IF(DE35<2.95,"BAJO",IF(DE35<3.95,"BASICO",IF(DE35<4.45,"ALTO",IF(DE35<=5,"SUPERIOR")))) -> BAJO | DG35: 0 | DI35: =IF(DH35<3,"BAJO",IF(DH35<4,"BASICO",IF(DH35<4.5,"ALTO",IF(DH35<=5,"SUPERIOR")))) -> BAJO | DJ35: =AVERAGE(M35,Y35,AE35,AK35,AW35,BC35,BI35,BO35,CA35,DE35,DH35,CY35,CS35,CM35,CG35,AQ35,S35) -> 0 | DK35: =$DK$2 -> Comprende el concepto de números reales, su relación de orden y las propiedades de sus operaciones, así como las relaciones de semejanza y congruencia de distintas figuras geométricas. | DL35: =DL34 -> Aplica correctamente las propiedades de las operaciones de números reales y expresiones algebraicas en la resolución de problemas. | DM35: =DM34 -> Valora el uso del pensamiento lógico a la hora de plantear y resolver problemas de las matemáticas y de la vida cotidiana. | DN35: =DN34 -> Reconoce y clasifica variables aleatorias, comprendiendo sus tipos y características; además, interpreta la información presentada en tablas de frecuencias y diagramas estadísticos, explicando su significado en contextos diversos. | DO35: =DO34 -> Organiza y analiza datos mediante la construcción de tablas de frecuencias y diagramas estadísticos, identificando variables aleatorias y utilizando estas representaciones para resolver situaciones problema. | DP35: =DP34 -> Muestra disposición y responsabilidad en el manejo y análisis de datos, participando activamente en actividades individuales y colaborativas, y comunicando información estadística con claridad y sentido crítico. | DQ35: =DQ34 -> Analiza las características de la literatura prehispánica y la literatura del descubrimiento y la conquista en Colombia identificando sus elementos fundamentales y su impacto en la cultura y el lenguaje actual. | DR35: =DR34 -> Realiza comprensión lectora cuando analiza un texto desde el discurso de la Enunciación e identifica la función de cada uno de sus componentes. Responde preguntas en los tres niveles de lectura a una leyenda del Caribe. | DS35: =DS34 -> Muestra disposición para participar activamente en las clases, promoviendo el respeto por las ideas ajenas y reconociendo la importancia de la precisión como una herramienta clave para una comunicación | ... FJ35: =FJ34 -> Identifica y reconoce sus pricipales deberes y derechos dentro y fuera de la Institución educativa.
